,Q_CCGT
0,15
1,15
2,15
3,15
4,15.05642655
5,16.55642655
6,15.91526233
7,16.34590962
8,16.97588686
9,18.32669072
10,19.82669072
11,21.32669072
12,22.54862233
13,23.45382745
14,24.05607242
15,24.4545938
16,24.74364754
17,25
18,25.26060177
19,25.53210073
20,25.80123549
21,26.04986806
22,26.29349389
23,26.524928
24,26.78832794
25,27.11315051
26,27.46390552
27,27.80470996
28,28.10113288
29,28.3387909
30,28.51850148
31,28.65267032
32,28.7568532
33,28.84463691
34,28.92453856
35,29
36,29.07083287
37,29.13527465
38,29.19163572
39,29.23921708
40,29.22104771
41,29.14228331
42,28.92368263
43,28.52417523
44,28.03157663
45,27.5311635
46,27.09973189
47,26.7695676
48,26.53969366
49,26.38503791
50,26.27453945
51,26.18196096
52,26.09201662
53,26
54,25.90844392
55,25.82268752
56,25.7474486
57,25.68502103
58,25.67817304
59,25.72185426
60,25.87390162
61,26.16367569
62,26.52431302
63,26.89139341
64,27.20725742
65,27.44783654
66,27.61403422
67,27.72474252
68,27.80322939
69,27.869054
70,27.93351963
71,28
72,28.06647403
73,28.12885971
74,28.18357807
75,28.22889097
76,28.24122764
77,28.22378964
78,28.14516845
79,27.98962867
80,27.79443307
81,27.59532597
82,27.42419213
83,27.2942993
84,27.20511453
85,27.14619369
86,27.1047094
87,27.06990827
88,27.03560741
89,27
90,26.9642466
91,26.93063152
92,26.90114902
93,26.87676913
94,26.89431987
95,26.95043069
96,27.09596192
97,27.35724248
98,27.67774628
99,28.00265973
100,28.28267496
101,28.4971368
102,28.64677676
103,28.7478003
104,28.82023587
105,28.88098612
106,28.93989576
107,29
108,29.05967888
109,29.11551078
110,29.16447658
111,29.20511705
112,29.29717446
113,29.4380122
114,29.71323308
115,30.16856826
116,30.71525679
117,31.26617034
118,31.74220231
119,32.10997229
120,32.37048862
121,32.5498421
122,32.68049795
123,32.79005003
124,32.8947871
125,33
126,33.10339531
127,33.19967747
128,33.28411595
129,33.35444074
130,33.36664573
131,33.32602521
132,33.17304767
133,32.87753867
134,32.50851583
135,32.13246585
136,31.80889157
137,31.56265317
138,31.39285659
139,31.28005587
140,31.20028957
141,31.13341702
142,31.06780671
143,31
144,30.93209771
145,30.86832303
146,30.81237825
147,30.76606586
148,30.73659555
149,30.72183016
150,30.73008739
151,30.764931
152,30.81377913
153,30.86498649
154,30.9084614
155,30.94010686
156,30.96016419
157,30.97190769
158,30.97926718
159,30.98545629
160,30.99223326
161,31
162,31.00826574
163,31.01622931
164,31.02321419
165,31.02888533
166,31.03236785
167,31.03397233
168,31.03278037
169,31.02842912
170,31.02245755
171,31.01626334
172,31.01103888
173,31.00725244
174,31.00485612
175,31.00344693
176,31.00255169
177,31.00178864
178,31.00095252
179,31
180,30.9989926
181,30.99802685
182,30.99718273
183,30.99649869
184,31.01259735
185,31.0443237
186,31.11504022
187,31.23702514
188,31.38514126
189,31.53487527
190,31.66408092
191,31.76344889
192,31.8332852
193,31.88087913
194,31.91526851
195,31.94410612
196,31.97187739
197,32
198,32.02778588
199,32.05372328
200,32.07647074
201,32.09538194
202,32.10750909
203,32.11369013
204,32.1104524
205,32.09628417
206,32.07632508
207,32.05535237
208,32.03752038
209,32.02452766
210,32.01628962
211,32.01147057
212,32.00845949
213,32.005935
214,32.00317138
215,32
216,31.99662018
217,31.99336031
218,31.99049882
219,31.98817451
220,32.03630118
221,32.13140211
222,32.3436066
223,32.70976407
224,33.15439025
225,33.60387961
226,33.991738
227,34.29001602
228,34.49963441
229,34.64248006
230,34.74568858
231,34.83223608
232,34.91558824
233,35
234,35.08340416
235,35.16126097
236,35.22954228
237,35.28630734
238,35.28967174
239,35.24438446
240,35.09352024
241,34.80807435
242,34.45337678
243,34.09245571
244,33.78178462
245,33.5449669
246,33.38114781
247,33.27183687
248,33.19423721
249,33.12916937
250,33.06553393
251,33
252,32.93452715
253,32.87310125
254,32.81922163
255,32.77458824
256,32.74614998
257,32.73186014
258,32.73976555
259,32.77332372
260,32.82040789
261,32.86978588
262,32.91171825
263,32.94224613
264,32.96159651
265,32.97292452
266,32.98002013
267,32.98598423
268,32.99251446
269,33
270,33.00796831
271,33.01564676
272,33.02238245
273,33.02785169
274,33.03121042
275,33.0327579
276,33.03160859
277,33.02741277
278,33.0216545
279,33.0156816
280,33.01064387
281,33.00699284
282,33.00468227
283,33.00332356
284,33.0024604
285,33.00172467
286,33.00091847
287,33
288,32.99902862
289,32.99809738
290,32.99728344
291,32.99662387
292,32.9631831
293,32.89915758
294,32.75815248
295,32.51574322
296,32.22165298
297,31.92440751
298,31.66787153
299,31.47049541
300,31.33168397
301,31.23700293
302,31.16854629
303,31.11114544
304,31.05590324
305,31
306,30.94478986
307,30.89326174
308,30.84806988
309,30.81049313
310,30.90201654
311,31.11316109
312,31.61358985
313,32.49194649
314,33.56335974
315,34.64792547
316,35.58337329
317,36.30155858
318,36.80475086
319,37.14628824
320,37.39223635
321,37.59846748
322,37.79764797
323,38
324,38.20036302
325,38.3875839
326,38.55178674
327,38.68820389
328,38.72602092
329,38.67467263
330,38.43944457
331,37.97279661
332,37.38665526
333,36.78848873
334,36.27423103
335,35.8838626
336,35.61585588
337,35.43885249
338,35.3142969
339,35.20984813
340,35.1068986
341,35
342,34.89263332
343,34.79166621
344,34.70309999
345,34.62985857
346,34.61637339
347,34.65699748
348,34.81132145
349,35.10940077
350,35.4814359
351,35.86033983
352,36.18617729
353,36.43398571
354,36.60475951
355,36.71815954
356,36.79835671
357,36.86563884
358,36.93170107
359,37
360,37.06839723
361,37.13262661
362,37.18895653
363,37.23557546
364,37.2817494
365,37.32851966
366,37.39076724
367,37.47713928
368,37.57535106
369,37.67278088
370,37.75758515
371,37.82463491
372,37.87398703
373,37.90958566
374,37.93645531
375,37.95896758
376,37.97981318
377,38
378,38.01934146
379,38.03714397
380,38.05275673
381,38.06587527
382,38.07444528
383,38.07898737
384,38.07696713
385,38.06724357
386,38.05338436
387,38.03873904
388,38.02624388
389,38.01711909
390,38.01132897
391,38.00794946
392,38.00585291
393,38.0041079
394,38.00219837
395,38
396,37.99764923
397,37.99537589
398,37.99337667
399,37.99175112
400,38.00727001
401,38.03872917
402,38.10964188
403,38.23234464
404,38.38144566
405,38.53220066
406,38.66226679
407,38.76225774
408,38.83248778
409,38.88031287
410,38.91484896
411,38.94381181
412,38.97172057
413,39
414,39.02795178
415,39.05404822
416,39.07693464
417,39.09595839
418,39.10815452
419,39.11436729
420,39.11110575
421,39.09685084
422,39.07677281
423,39.05567672
424,39.03774062
425,39.02467241
426,39.01638656
427,39.01153937
428,39.0085104
429,39.00597067
430,39.00319037
431,39
432,38.9966001
433,38.99332098
434,38.99044267
435,38.98810472
436,38.98666859
437,38.98600688
438,38.98649778
439,38.98829037
440,38.99075045
441,38.99330209
442,38.99545408
443,38.99701357
444,38.99800038
445,38.99858059
446,38.99894914
447,38.99926333
448,38.99960767
449,39
450,39.00041495
451,39.00081274
452,39.00116042
453,39.00144215
454,39.08420563
455,39.24388318
456,39.59668447
457,40.2037599
458,40.9404298
459,41.6850421
460,42.32764655
461,42.82200374
462,43.16961303
463,43.40665737
464,43.57801616
465,43.72170331
466,43.8600113
467,44
468,44.13826917
469,44.26732324
470,44.38050725
471,44.47461476
472,44.4689028
473,44.37200278
474,44.07362006
475,43.51729015
476,42.82839438
477,42.12808554
478,41.52504834
479,41.0647486
480,40.74556569
481,40.5318907
482,40.37978371
483,40.25224172
484,40.12781023
485,40
486,39.87252533
487,39.75302086
488,39.64819955
489,39.56131903
490,39.48939013
491,39.42956623
492,39.3743038
493,39.31813192
494,39.26239564
495,39.2095628
496,39.16265785
497,39.12321249
498,39.09136013
499,39.06600092
500,39.0455352
501,39.02839761
502,39.01343664
503,39
504,38.98784918
505,38.97697957
506,38.96745083
507,38.95927339
508,39.01981077
509,39.14434528
510,39.42761625
511,39.91938424
512,40.51761709
513,41.1228053
514,41.64504318
515,42.04650803
516,42.32839504
517,42.52023965
518,42.65867978
519,42.77474073
520,42.88660206
521,43
522,43.1121291
523,43.2168433
524,43.30868841
525,43.38503167
526,43.43397095
527,43.45889355
528,43.44579769
529,43.38859391
530,43.30802935
531,43.22338394
532,43.15142027
533,43.09898939
534,43.06574669
535,43.04630008
536,43.03414766
537,43.02395735
538,43.01280135
539,43
540,42.98635815
541,42.97320117
542,42.96165259
543,42.95227225
544,42.96302841
545,42.99229319
546,43.06483507
547,43.19348594
548,43.35074997
549,43.50997208
550,43.64717947
551,43.75234582
552,43.82585099
553,43.87560189
554,43.91136139
555,43.94136706
556,43.97041861
557,44
558,44.02932877
559,44.05674528
560,44.08078549
561,44.1007442
562,44.11351367
563,44.11999055
564,44.11653166
565,44.10155714
566,44.08049142
567,44.05837049
568,44.03956967
569,44.02587444
570,44.01719149
571,44.0121106
572,44.0089331
573,44.00626685
574,44.00334805
575,44
576,43.99643336
577,43.99299438
578,43.98997632
579,43.9875251
580,43.96950133
581,43.936888
582,43.86683062
583,43.74725191
584,43.60243813
585,43.45612969
586,43.32981344
587,43.23253967
588,43.16402879
589,43.11721435
590,43.08332019
591,43.05490464
592,43.02759581
593,43
594,42.97277126
595,42.94736797
596,42.92508735
597,42.90655448
598,42.91117748
599,42.93702294
600,43.01075298
601,43.1460885
602,43.31304145
603,43.48258369
604,43.62863879
605,43.74028702
606,43.81791017
607,43.87005761
608,43.9072893
609,43.93850765
610,43.96888518
611,44
612,44.03097623
613,44.05999187
614,44.08544204
615,44.10654884
616,44.1200248
617,44.12682729
618,44.12312867
619,44.10727736
620,44.08500854
621,44.06164021
622,44.04178787
623,44.02733112
624,44.01816672
625,44.01280304
626,44.00944601
627,44.00662659
628,44.00353971
629,44
630,43.99623061
631,43.99259728
632,43.98940939
633,43.9868206
634,44.0017488
635,44.03293584
636,44.10405186
637,44.22749599
638,44.37761458
639,44.52942541
640,44.66038242
641,44.76101936
642,44.8316585
643,44.87972436
644,44.91441348
645,44.94350667
646,44.97155812
647,45
648,45.02812357
649,45.0543847
650,45.0774151
651,45.09655555
652,45.10882326
653,45.11506903
654,45.11178289
655,45.09743819
656,45.0772369
657,45.05601291
658,45.03796888
659,45.02482242
660,45.016487
661,45.01161064
662,45.00856314
663,45.00600763
664,45.00321004
665,45
666,44.99657929
667,44.99328022
668,44.99038447
669,44.98803238
670,45.00310572
671,45.03435961
672,45.10542565
673,45.22868757
674,45.37855609
675,45.53010744
676,45.66084551
677,45.76132371
678,45.83186231
679,45.879869
680,45.91452051
681,45.94358166
682,45.97159804
683,46
684,46.02808135
685,46.05430201
686,46.07729702
687,46.09640879
688,46.16417062
689,46.27767886
690,46.51156707
691,46.90542378
692,47.38059076
693,47.86008201
694,48.27415337
695,48.59342542
696,48.81882123
697,48.97332398
698,49.0854865
699,49.17953693
700,49.26973259
701,49.36064992
702,49.45020295
703,49.53368227
704,49.60689347
705,49.66782028
706,49.7010046
707,49.70952162
708,49.67374077
709,49.58433739
710,49.46686992
711,49.34552543
712,49.24164793
713,49.16406575
714,49.11240849
715,49.07976273
716,49.05769471
717,49.03919718
718,49.02031761
719,49
720,48.97913114
721,48.95931093
722,48.94191837
723,48.92763351
724,48.93221525
725,48.95403981
726,49.01462716
727,49.1250268
728,49.26090625
729,49.39874738
730,49.51744751
731,49.60819355
732,49.67132559
733,49.71379111
734,49.7441555
735,49.76963297
736,49.79441166
737,49.81976712
738,49.84498849
739,49.86860066
740,49.88930622
741,49.90647858
742,49.92021174
743,49.93109783
744,49.93991409
745,49.94736311
746,49.95393185
747,49.95987031
748,49.96524988
749,49.97005113
750,49.97424103
751,49.97781882
752,49.9808288
753,49.98334943
754,49.98547246
755,49.98728346
756,49.98884991
757,49.99021816
758,49.99141693
759,49.99246387
760,49.99337181
761,49.99415314
762,49.99482158
763,49.99539207
764,49.99587953
765,49.99629764
766,49.9966579
767,49.99696947
768,49.99723938
769,49.99747308
770,49.99767501
771,49.99784904
772,49.99799869
773,49.99812724
774,49.99823766
775,49.99833261
776,49.9984144
777,49.99848493
778,49.9985458
779,49.99859834
780,49.99864365
781,49.99868271
782,49.99871635
783,49.9987453
784,49.99877021
785,49.99879167
786,49.99881015
787,49.99882607
788,49.9988398
789,49.99885163
790,49.99886183
791,49.99887062
792,49.99887819
793,49.99888471
794,49.99889033
795,49.99889517
796,49.99889934
797,49.99890293
798,49.99890602
799,49.99890869
800,49.99891099
801,49.99891297
802,49.99891468
803,49.99891615
804,49.99891741
805,49.9989185
806,49.99891944
807,49.99892025
808,49.99892095
809,49.99892155
810,49.99892207
811,49.99892251
812,49.9989229
813,49.99892323
814,49.99892351
815,49.99892376
816,49.99892397
817,49.99892415
818,49.99892431
819,49.99892445
820,49.99892456
821,49.99892466
822,49.99892475
823,49.99892483
824,49.99892489
825,49.99892495
826,49.99892499
827,49.99892503
828,49.99892507
829,49.9989251
830,49.99892513
831,49.99892515
832,49.99892517
833,49.99892519
834,49.9989252
835,49.99892521
836,49.99892522
837,49.99892523
838,49.99892524
839,49.99892525
840,49.99892525
841,49.99892526
842,49.99892526
843,49.99892527
844,49.99892527
845,49.99892527
846,49.99892528
847,49.99892528
848,49.99892528
849,49.99892528
850,49.99892528
851,49.99892528
852,49.99892528
853,49.99892529
854,49.99892529
855,49.99892529
856,49.99892529
857,49.99892529
858,49.99892529
859,49.99892529
860,49.99892529
861,49.99892529
862,49.99892529
863,49.99892529
864,49.99892529
865,49.99892529
866,49.99892529
867,49.99892529
868,49.99892529
869,49.99892529
870,49.99892529
871,49.99892529
872,49.99892529
873,49.99892529
874,49.99892529
875,49.99892529
876,49.99892529
877,49.99892529
878,49.99892529
879,49.99892529
880,49.99892529
881,49.99892529
882,49.99892529
883,49.99892529
884,49.99892529
885,49.99892529
886,49.99892529
887,49.99892529
888,49.99892529
889,49.99892529
890,49.99892529
891,49.99892529
892,49.99892529
893,49.99892529
894,49.99892529
895,49.99892529
896,49.99892529
897,49.99892529
898,49.99892529
899,49.99892529
900,49.99892529
901,49.99892529
902,49.99892529
903,49.99892529
904,49.99892529
905,49.99892529
906,49.99892529
907,49.99892529
908,49.99892529
909,49.99892529
910,49.99892529
911,49.99892529
912,49.99892529
913,49.99892529
914,49.99892529
915,49.99892529
916,49.99892529
917,49.99892529
918,49.99892529
919,49.99892529
920,49.99892529
921,49.99892529
922,49.99892529
923,49.99892529
924,49.99892529
925,49.99892529
926,49.99892529
927,49.99892529
928,49.99892529
929,49.99892529
930,49.99892529
931,49.99892529
932,49.99892529
933,49.99892529
934,49.99892529
935,49.99892529
936,49.99892529
937,49.99892529
938,49.99892529
939,49.99892529
940,49.99892529
941,49.99892529
942,49.99892529
943,49.99892529
944,49.99892529
945,49.99892529
946,49.99892529
947,49.99892529
948,49.99892529
949,49.99892529
950,49.99892529
951,49.99892529
952,49.99892529
953,49.99892529
954,49.99892529
955,49.99892529
956,49.99892529
957,49.99892529
958,49.99892529
959,49.99892529
960,49.99892529
961,49.99892529
962,49.99892529
963,49.99892529
964,49.99892529
965,49.99892529
966,49.99892529
967,49.99892529
968,49.99892529
969,49.99892529
970,49.99892529
971,49.99892529
972,49.99892529
973,49.99892529
974,49.99892529
975,49.99892529
976,49.99892529
977,49.99892529
978,49.99892529
979,49.99892529
980,49.99892529
981,49.99892529
982,49.99892529
983,49.99892529
984,49.99892529
985,49.99892529
986,49.99892529
987,49.99892529
988,49.99892529
989,49.99892529
990,49.99892529
991,49.99892529
992,49.99892529
993,49.99892529
994,49.99892529
995,49.99892529
996,49.99892529
997,49.99892529
998,49.99892529
999,49.99892529
1000,49.99892529
1001,49.99892529
1002,49.99892529
1003,49.99892529
1004,49.99892529
1005,49.99892529
1006,49.99892529
1007,49.99892529
1008,49.99892529
1009,49.99892529
1010,49.99892529
1011,49.99892529
1012,49.99666761
1013,49.99230488
1014,49.98265916
1015,49.96605837
1016,49.9459128
1017,49.92554982
1018,49.90797661
1019,49.89445782
1020,49.88495239
1021,49.87847068
1022,49.87378523
1023,49.86985639
1024,49.8660745
1025,49.8622465
1026,49.85846543
1027,49.85493633
1028,49.8518412
1029,49.84926777
1030,49.84945908
1031,49.85217671
1032,49.86048612
1033,49.87595733
1034,49.89510871
1035,49.91457555
1036,49.93133908
1037,49.94413635
1038,49.95301233
1039,49.95895613
1040,49.96318841
1041,49.96673719
1042,49.97019863
1043,49.97375317
1044,49.97729781
1045,49.98062058
1046,49.98353508
1047,49.98595088
1048,49.97140718
1049,49.94110151
1050,49.87195616
1051,49.75187034
1052,49.60579681
1053,49.45804928
1054,49.33057993
1055,49.2326132
1056,49.16384459
1057,49.1170528
1058,49.08328771
1059,49.05497437
1060,49.02767729
1061,49
1062,48.97263084
1063,48.94707237
1064,48.92465678
1065,48.90602646
1066,48.90754986
1067,48.92748909
1068,48.9882134
1069,49.10118078
1070,49.24098924
1071,49.38308978
1072,49.50545717
1073,49.59887753
1074,49.66367989
1075,49.70708231
1076,49.73799193
1077,49.76391038
1078,49.78918811
1079,49.81514226
1080,49.84102158
1081,49.86527986
1082,49.88655733
1083,49.90419433
1084,49.9019798
1085,49.88162803
1086,49.82099601
1087,49.70873765
1088,49.56998395
1089,49.42902037
1090,49.30763473
1091,49.21493698
1092,49.15059449
1093,49.10745857
1094,49.07671029
1095,49.05092265
1096,49.02578779
1097,49
1098,48.9743007
1099,48.95021813
1100,48.92909618
1101,48.91158609
1102,48.80130533
1103,48.6041566
1104,48.18380296
1105,47.46820809
1106,46.60232157
1107,45.72779911
1108,44.9728257
1109,44.39135923
1110,43.98168435
1111,43.70159505
1112,43.4986957
1113,43.32856488
1114,43.16510664
1115,43
1116,42.83714369
1117,42.68523484
1118,42.55200767
1119,42.4411849
1120,42.37004573
1121,42.33370771
1122,42.35257814
1123,42.43555792
1124,42.55252692
1125,42.67547355
1126,42.78002818
1127,42.85621792
1128,42.9045281
1129,42.93278485
1130,42.95043355
1131,42.96522444
1132,42.98141611
1133,43
1134,43.01980896
1135,43.03891765
1136,43.05569277
1137,43.06931948
1138,43.07769037
1139,43.08154731
1140,43.07868648
1141,43.0682395
1142,43.05390259
1143,43.03903226
1144,43.02649114
1145,43.0174031
1146,43.01165252
1147,43.00827154
1148,43.00612388
1149,43.00429302
1150,43.00228636
1151,43
1152,42.99758182
1153,42.99526362
1154,42.99323749
1155,42.99159568
1156,42.9079982
1157,42.74793651
1158,42.39542236
1159,41.78939379
1160,41.05416071
1161,40.31103924
1162,39.6696927
1163,39.17624764
1164,38.829216
1165,38.59251164
1166,38.42136892
1167,38.27786583
1168,38.1397593
1169,38
1170,37.8619734
1171,37.73315188
1172,37.62017116
1173,37.52622843
1174,37.51552332
1175,37.58055035
1176,37.80832618
1177,38.24307085
1178,38.78439907
1179,39.33554308
1180,39.80985489
1181,40.1711349
1182,40.42070205
1183,40.58691289
1184,40.70471301
1185,40.80348765
1186,40.9002248
1187,41
1188,41.0997814
1189,41.19343726
1190,41.27558872
1191,41.34362095
1192,41.32087057
1193,41.21493325
1194,40.92055937
1195,40.3835588
1196,39.72222021
1197,39.05103568
1198,38.47284942
1199,38.03069918
1200,37.72303393
1201,37.5160817
1202,37.36814495
1203,37.24407325
1204,37.12343881
1205,37
1206,36.87720001
1207,36.7622165
1208,36.6613712
1209,36.57772369
1210,36.52430041
1211,36.49731197
1212,36.51194449
1213,36.57475644
1214,36.66301779
1215,36.75564749
1216,36.83434605
1217,36.89165859
1218,36.92799121
1219,36.94925523
1220,36.96256233
1221,36.97373668
1222,36.9859707
1223,37
1224,37.0149405
1225,37.02934246
1226,37.04197925
1227,37.05224149
1228,37.04153574
1229,37.01157246
1230,36.93674917
1231,36.80381341
1232,36.64124158
1233,36.47662939
1234,36.33478895
1235,36.2260945
1236,36.15014992
1237,36.09877057
1238,36.06185317
1239,36.03087471
1240,36.000871
1241,35.97030933
1242,35.94000193
1243,35.91166802
1244,35.88682364
1245,35.86619907
1246,35.84752503
1247,35.83024467
1248,35.81040693
1249,35.78558434
1250,35.75844998
1251,35.73187729
1252,35.7086455
1253,35.68997991
1254,35.67587754
1255,35.66539338
1256,35.65730304
1257,35.65052119
1258,35.64435702
1259,35.63852446
1260,35.63303161
1261,35.62801838
1262,35.62362366
1263,35.61990958
1264,35.62105866
1265,35.62668925
1266,35.64260663
1267,35.67181522
1268,35.70786637
1269,35.74450014
1270,35.77608105
1271,35.80024026
1272,35.81704962
1273,35.82834846
1274,35.83641502
1275,35.84317325
1276,35.8497435
1277,35.85646999
1278,35.86316603
1279,35.8694393
1280,35.87494325
1281,35.87950934
1282,35.92373108
1283,36.00502238
1284,36.18069663
1285,36.48098813
1286,36.84474428
1287,37.21224006
1288,37.52945588
1289,37.77366148
1290,37.94558562
1291,38.06301154
1292,38.14800803
1293,38.21927834
1294,38.28780236
1295,38.35707182
1296,38.42543296
1297,38.48921379
1298,38.54515099
1299,38.59167322
1300,38.64581282
1301,38.70798116
1302,38.80380332
1303,38.94753467
1304,39.11513516
1305,39.28256994
1306,39.42771803
1307,39.5411601
1308,39.62313262
1309,39.68099545
1310,39.72398763
1311,39.76003998
1312,39.79392357
1313,39.82729918
1314,39.85965616
1315,39.88959719
1316,39.91584965
1317,39.93781201
1318,40.00446059
1319,40.11316612
1320,40.33353677
1321,40.70253638
1322,41.14697399
1323,41.595197
1324,41.98228036
1325,42.28088388
1326,42.49188561
1327,42.63670898
1328,42.74196529
1329,42.83023817
1330,42.91482381
1331,43
1332,43.08383687
1333,43.16195855
1334,43.23046671
1335,43.28749001
1336,43.31530831
1337,43.31701556
1338,43.26964769
1339,43.16205882
1340,43.02308453
1341,42.88016048
1342,42.75760188
1343,42.66549783
1344,42.60344471
1345,42.56354614
1346,42.53613893
1347,42.51316516
1348,42.49004575
1349,42.46551347
1350,42.44053218
1351,42.41689491
1352,42.39615495
1353,42.37907548
1354,42.39365757
1355,42.43736063
1356,42.54884654
1357,42.74813978
1358,42.99231502
1359,43.23974574
1360,43.45298545
1361,43.61635351
1362,43.73041518
1363,43.80749012
1364,43.86280127
1365,43.90919595
1366,43.95415866
1367,44
1368,44.0454933
1369,44.08804262
1370,44.12535727
1371,44.15633122
1372,44.2594545
1373,44.43048816
1374,44.78106052
1375,45.37043083
1376,46.08116742
1377,46.79829496
1378,47.41762615
1379,47.89526094
1380,48.23256791
1381,48.46387868
1382,48.63185427
1383,48.77270144
1384,48.90773388
1385,49.04380175
1386,49.17779901
1387,49.30269678
1388,49.41223262
1389,49.50339631
1390,49.57671886
1391,49.63519875
1392,49.68276305
1393,49.72297926
1394,49.75834858
1395,49.79019135
1396,49.81893012
1397,49.84452278
1398,49.86684645
1399,49.88592864
1400,49.90201386
1401,49.91551265
1402,49.92689981
1403,49.93661812
1404,49.94501937
1405,49.95234878
1406,49.95876216
1407,49.96435806
1408,49.96920941
1409,49.97338522
1410,49.97695995
1411,49.98001302
1412,49.98262329
1413,49.98486271
1414,49.98679216
1415,49.98846024
1416,49.98990465
1417,49.99115486
1418,49.99223494
1419,49.9931658
1420,49.9939664
1421,49.99465425
1422,49.99524525
1423,49.99575355
1424,49.99619132
1425,49.99656882
1426,49.99689458
1427,49.9971757
1428,49.99741818
1429,49.99762715
1430,49.99780712
1431,49.99796205
1432,49.9980954
1433,49.99821021
1434,49.99830911
1435,49.99839433
1436,49.99846778
1437,49.99853111
1438,49.99858569
1439,49.99863273
1440,49.99867325
1441,49.99870815
1442,49.99873821
1443,49.9987641
1444,49.99878641
1445,49.99880563
1446,49.99882219
1447,49.99883646
1448,49.99884876
1449,49.99885935
1450,49.99886848
1451,49.99887635
1452,49.99888312
1453,49.99888896
1454,49.99889399
1455,49.99889832
1456,49.99890205
1457,49.99890527
1458,49.99890804
1459,49.99891043
1460,49.99891249
1461,49.99891426
1462,49.99891579
1463,49.9989171
1464,49.99891824
1465,49.99891921
1466,49.99892005
1467,49.99892078
1468,49.9989214
1469,49.99892194
1470,49.99892241
1471,49.9989228
1472,49.99892315
1473,49.99892345
1474,49.9989237
1475,49.99892392
1476,49.99892411
1477,49.99892427
1478,49.99892441
1479,49.99892454
1480,49.99892464
1481,49.99892473
1482,49.99892481
1483,49.99892487
1484,49.99892493
1485,49.99892498
1486,49.99892502
1487,49.99892506
1488,49.99892509
1489,49.99892512
1490,49.99892514
1491,49.99892516
1492,49.99892518
1493,49.9989252
1494,49.99892521
1495,49.99892522
1496,49.99892523
1497,49.99892524
1498,49.99892525
1499,49.99892525
1500,49.99892526
1501,49.99892526
1502,49.99892527
1503,49.99892527
1504,49.99892527
1505,49.99892528
1506,49.99892528
1507,49.99892528
1508,49.99892528
1509,49.99892528
1510,49.99892528
1511,49.99892528
1512,49.99892529
1513,49.99892529
1514,49.99892529
1515,49.99892529
1516,49.99892529
1517,49.99892529
1518,49.99892529
1519,49.99892529
1520,49.99892529
1521,49.99892529
1522,49.99892529
1523,49.99892529
1524,49.99892529
1525,49.99892529
1526,49.99892529
1527,49.99892529
1528,49.99892529
1529,49.99892529
1530,49.99892529
1531,49.99892529
1532,49.99892529
1533,49.99892529
1534,49.99892529
1535,49.99892529
1536,49.99892529
1537,49.99892529
1538,49.99892529
1539,49.99892529
1540,49.99892529
1541,49.99892529
1542,49.99892529
1543,49.99892529
1544,49.99892529
1545,49.99892529
1546,49.99892529
1547,49.99892529
1548,49.99892529
1549,49.99892529
1550,49.99892529
1551,49.99892529
1552,49.99892529
1553,49.99892529
1554,49.99892529
1555,49.99892529
1556,49.99892529
1557,49.99892529
1558,49.99892529
1559,49.99892529
1560,49.99892529
1561,49.99892529
1562,49.99892529
1563,49.99892529
1564,49.99892529
1565,49.99892529
1566,49.99892529
1567,49.99892529
1568,49.99892529
1569,49.99892529
1570,49.99892529
1571,49.99892529
1572,49.99892529
1573,49.99892529
1574,49.99892529
1575,49.99892529
1576,49.99892529
1577,49.99892529
1578,49.99892529
1579,49.99892529
1580,49.99892529
1581,49.99892529
1582,49.99892529
1583,49.99892529
1584,49.99892529
1585,49.99892529
1586,49.99892529
1587,49.99892529
1588,49.9824249
1589,49.95053961
1590,49.8800433
1591,49.75871538
1592,49.61148028
1593,49.46265617
1594,49.33422134
1595,49.23541842
1596,49.16594737
1597,49.11857538
1598,49.08433151
1599,49.05561735
1600,49.02797714
1601,49
1602,48.97236585
1603,48.94657315
1604,48.92395226
1605,48.90514417
1606,48.82700825
1607,48.6931789
1608,48.41410707
1609,47.94236257
1610,47.37263875
1611,46.79756129
1612,46.30100554
1613,45.91829188
1614,45.64830276
1615,45.46340414
1616,45.32927599
1617,45.21680635
1618,45.10887496
1619,45
1620,44.89270589
1621,44.79266632
1622,44.70493146
1623,44.63192993
1624,44.46941775
1625,44.2220045
1626,43.74039506
1627,42.94483129
1628,41.99013055
1629,41.02824549
1630,40.19712807
1631,39.55497011
1632,39.0999853
1633,38.78664432
1634,38.5583066
1635,38.36683369
1636,38.183809
1637,38
1638,37.81940271
1639,37.65124907
1640,37.50378514
1641,37.38096536
1642,37.2358742
1643,37.06763401
1644,36.80600235
1645,36.41201674
1646,35.95209765
1647,35.49253645
1648,35.09426914
1649,34.78320462
1650,34.55865272
1651,34.40032179
1652,34.28276941
1653,34.18417591
1654,34.09143352
1655,34
1656,33.91130656
1657,33.82921735
1658,33.75724525
1659,33.69705011
1660,33.55892396
1661,33.34705558
1662,32.93333067
1663,32.24940979
1664,31.42863226
1665,30.60176029
1666,29.88743345
1667,29.33564682
1668,28.94480563
1669,28.67571168
1670,28.47963734
1671,28.31518964
1672,28.15794977
1673,28
1674,27.84479472
1675,27.70028359
1676,27.57356137
1677,27.46802749
1678,27.3836213
1679,27.31686187
1680,27.26405209
1681,27.2215246
1682,27.18554394
1683,27.15374425
1684,27.12486717
1685,27.0986276
1686,27.07516531
1687,27.05469045
1688,27.03722734
1689,27.02256446
1690,27.01030904
1691,27
1692,26.99120825
1693,26.98359841
1694,26.97694343
1695,26.97110588
1696,26.95049242
1697,26.91609263
1698,26.84601425
1699,26.72870282
1700,26.58751582
1701,26.44524023
1702,26.32246963
1703,26.22783599
1704,26.16101258
1705,26.11516595
1706,26.08183654
1707,26.05385997
1708,26.02702894
1709,26
1710,25.97339641
1711,25.9486122
1712,25.926885
1713,25.90880618
1714,25.88402115
1715,25.85262536
1716,25.79941897
1717,25.71610788
1718,25.61767237
1719,25.51895031
1720,25.43350435
1721,25.36708144
1722,25.31951938
1723,25.28632161
1724,25.2618694
1725,25.24136342
1726,25.22194294
1727,25.20264418
