,Q_ccgt
0,15.0
1,15.0
2,15.0
3,15.0
4,15.056426554122867
5,16.55642655412287
6,15.91526233123418
7,16.345909622831243
8,16.975886861585593
9,18.32669072007776
10,19.826690720077757
11,21.32669072007776
12,22.548622330254073
13,23.453827446473966
14,24.05607241678946
15,24.454593795394555
16,24.743647540056273
17,25.0
18,25.260601768685788
19,25.53210072514202
20,25.801235490269026
21,26.04986805857654
22,26.29349389297283
23,26.524927997710325
24,26.788327944629025
25,27.113150514970894
26,27.463905518859487
27,27.80470995619267
28,28.101132875483504
29,28.33879089826538
30,28.51850148134839
31,28.652670318793582
32,28.756853204970604
33,28.844636912338657
34,28.92453856090874
35,29.0
36,29.070832871359542
37,29.13527464856997
38,29.19163572043886
39,29.239217075424776
40,29.221047709225054
41,29.142283308299895
42,28.92368263117503
43,28.524175225964502
44,28.031576627747132
45,27.531163502122503
46,27.09973188987339
47,26.76956759958903
48,26.539693663939822
49,26.385037911553553
50,26.274539448333268
51,26.181960957465595
52,26.092016617676997
53,26.0
54,25.908443921851255
55,25.82268751953312
56,25.747448600133396
57,25.685021034230807
58,25.678173044047902
59,25.72185426123776
60,25.873901617189468
61,26.163675690723757
62,26.524313015208623
63,26.891393413415145
64,27.207257415989183
65,27.447836540354874
66,27.614034216989737
67,27.72474252395206
68,27.80322939280568
69,27.869053996069425
70,27.93351963134791
71,28.000000000000004
72,28.066474033055133
73,28.128859705535934
74,28.183578069946147
75,28.228890974357654
76,28.24122764369174
77,28.223789637114162
78,28.145168445864755
79,27.989628670007114
80,27.794433065860375
81,27.595325971442445
82,27.424192126314352
83,27.29429930448223
84,27.205114527021653
85,27.146193693811107
86,27.104709395068568
87,27.069908269482074
88,27.035607411864085
89,27.0
90,26.964246601114482
91,26.930631515298288
92,26.901149024303635
93,26.876769131204853
94,26.894319871227427
95,26.950430689428657
96,27.09596192077864
97,27.357242475617603
98,27.67774627620097
99,28.00265972616601
100,28.282674955528503
101,28.49713679799444
102,28.646776762890397
103,28.74780029712246
104,28.82023586820496
105,28.88098612230936
106,28.939895759872492
107,29.0
108,29.059678876230823
109,29.115510784275546
110,29.164476577492096
111,29.205117052629113
112,29.29717446227693
113,29.438012204913218
114,29.713233079529243
115,30.16856826301227
116,30.71525678531568
117,31.266170341430655
118,31.742202313515513
119,32.10997228927714
120,32.370488615737614
121,32.54984210095762
122,32.68049795199934
123,32.79005002784569
124,32.89478709762725
125,33.0
126,33.103395312307335
127,33.1996774696972
128,33.28411594875783
129,33.35444074310717
130,33.36664573253703
131,33.32602521191937
132,33.173047665352655
133,32.877538673215135
134,32.50851583264796
135,32.13246585328634
136,31.808891565576232
137,31.562653172372983
138,31.392856586512632
139,31.28005586623393
140,31.20028957128165
141,31.133417021597566
142,31.06780671107339
143,31.0
144,30.932097705256265
145,30.86832302957975
146,30.812378254111636
147,30.766065860751723
148,30.73659555175266
149,30.721830159917907
150,30.730087389652528
151,30.764930996722253
152,30.81377913485735
153,30.864986485516432
154,30.90846140454895
155,30.940106862639272
156,30.960164191046683
157,30.971907694683708
158,30.979267182157173
159,30.985456293521853
160,30.99223326064084
161,30.999999999999996
162,31.008265741953146
163,31.016229313091657
164,31.02321419268538
165,31.02888532815621
166,31.032367845684085
167,31.033972332699918
168,31.032780372944337
169,31.028429124296387
170,31.02245755162373
171,31.016263341035838
172,31.011038875454442
173,31.00725243859104
174,31.00485611524863
175,31.00344693261276
176,31.002551694188497
177,31.001788638201177
178,31.00095252490827
179,31.0
180,30.998992604693832
181,30.99802684822979
182,30.997182731838812
183,30.99649869249425
184,31.01259735459802
185,31.04432369653089
186,31.11504022155324
187,31.23702514279615
188,31.385141259763422
189,31.53487527077849
190,31.66408091959004
191,31.76344888838011
192,31.833285197338764
193,31.88087913090768
194,31.915268510165955
195,31.944106124828537
196,31.971877391998007
197,32.0
198,32.027785875260804
199,32.05372327809178
200,32.07647074388129
201,32.09538194265327
202,32.10750909273203
203,32.11369012787937
204,32.11045240171925
205,32.09628416774136
206,32.07632507514846
207,32.055352374437696
208,32.03752038293263
209,32.024527663575086
210,32.016289617333065
211,32.01147056532121
212,32.008459489562746
213,32.00593500063006
214,32.00317137703988
215,32.0
216,31.99662017900343
217,31.993360307021362
218,31.990498819540186
219,31.988174512035215
220,32.03630118082219
221,32.13140210910026
222,32.34360660301523
223,32.70976406550031
224,33.15439025248231
225,33.60387961272219
226,33.991738000752655
227,34.29001602296971
228,34.49963440643478
229,34.64248005595476
230,34.74568858146386
231,34.8322360830358
232,34.915588241765036
233,35.0
234,35.083404164692986
235,35.16126096772414
236,35.22954228079397
237,35.28630734230825
238,35.28967173653669
239,35.24438445768808
240,35.09352024420834
241,34.80807434830107
242,34.45337677568235
243,34.09245571147708
244,33.7817846162532
245,33.544966896605345
246,33.381147810100636
247,33.271836874499755
248,33.19423721446352
249,33.1291693689875
250,33.0655339332919
251,33.0
252,32.93452715057703
253,32.8731012538557
254,32.81922163469623
255,32.774588241448875
256,32.746149975678414
257,32.73186013842148
258,32.73976554544638
259,32.773323718871744
260,32.820407886000126
261,32.86978588159079
262,32.91171824661106
263,32.94224612835465
264,32.961596509118024
265,32.97292452102045
266,32.98002013247783
267,32.98598422531515
268,32.99251445707985
269,33.0
270,33.00796831255739
271,33.01564675658541
272,33.02238244933578
273,33.02785168518569
274,33.031210417004516
275,33.03275790333693
276,33.0316085935581
277,33.027412766115795
278,33.02165449813894
279,33.015681604524566
280,33.01064387477368
281,33.006992842610444
282,33.00468227192805
283,33.003323560030594
284,33.00246040126964
285,33.001724671134085
286,33.000918469145844
287,33.00000000000001
288,32.99902861524398
289,32.998097381802744
290,32.99728344469408
291,32.996623866979014
292,32.963183100042954
293,32.899157578656975
294,32.7581524826064
295,32.515743218431766
296,32.22165298244421
297,31.924407512177115
298,31.667871528119544
299,31.470495414178416
300,31.331683969563837
301,31.237002932268386
302,31.16854629333867
303,31.111145437077795
304,31.05590324410188
305,30.999999999999996
306,30.944789863384244
307,30.89326174205636
308,30.8480698781794
309,30.81049313088398
310,30.90201653791363
311,31.113161091587447
312,31.613589849673094
313,32.491946490536534
314,33.56335974493321
315,34.64792546907191
316,35.5833732916736
317,36.30155857670226
318,36.804750862194226
319,37.14628823844804
320,37.39223635202847
321,37.598467477836365
322,37.79764797012538
323,38.0
324,38.20036302244869
325,38.38758390239399
326,38.55178673654133
327,38.688203887085955
328,38.726020923299785
329,38.67467263123397
330,38.43944457383104
331,37.97279661317441
332,37.386655261517696
333,36.788488727649266
334,36.27423102910404
335,35.883862603147655
336,35.61585587534908
337,35.43885248778982
338,35.31429689859034
339,35.209848131475695
340,35.106898595135746
341,34.99999999999999
342,34.89263331910919
343,34.79166621073676
344,34.703099990038154
345,34.629858573916415
346,34.616373391601726
347,34.656997482823854
348,34.811321454845654
349,35.10940077305787
350,35.481435898499655
351,35.8603398281324
352,36.186177287987306
353,36.433985707837124
354,36.6047595062721
355,36.71815953547861
356,36.79835670636971
357,36.86563883787799
358,36.93170106897076
359,37.0
360,37.0683972305425
361,37.132626612045904
362,37.188956528955806
363,37.235575456456345
364,37.28174940195322
365,37.32851966264432
366,37.39076724222549
367,37.477139281084234
368,37.57535106420248
369,37.6727808813417
370,37.757585149401734
371,37.82463491101586
372,37.873987026967235
373,37.90958565501674
374,37.93645531212908
375,37.95896758411856
376,37.979813181084864
377,38.0
378,38.01934145906657
379,38.03714397281576
380,38.052756727544946
381,38.065875268032556
382,38.0744452849523
383,38.07898737173749
384,38.07696712759663
385,38.06724357081613
386,38.05338435968167
387,38.03873903549899
388,38.02624388362734
389,38.01711908831621
390,38.011328967133224
391,38.007949459101056
392,38.005852909374546
393,38.00410790095758
394,38.00219837250513
395,38.0
396,37.99764923458819
397,37.995375887776575
398,37.99337667371865
399,37.991751122867775
400,38.00727001264332
401,38.03872916670679
402,38.10964187806796
403,38.232344641226966
404,38.381445662142866
405,38.532200658719894
406,38.66226678515226
407,38.76225774409148
408,38.832487780904486
409,38.88031286677262
410,38.9148489648785
411,38.94381180718712
412,38.97172057363835
413,39.0
414,39.0279517820336
415,39.05404821903195
416,39.07693464241197
417,39.09595839492483
418,39.10815452213822
419,39.1143672916575
420,39.11110574831413
421,39.09685083805904
422,39.07677281158371
423,39.05567671978385
424,39.03774062145841
425,39.0246724136597
426,39.01638655879185
427,39.01153936582472
428,39.00851040056857
429,39.005970671811546
430,39.00319036739878
431,39.0
432,38.99660010001773
433,38.993320979344574
434,38.990442665474546
435,38.98810471950669
436,38.98666858688492
437,38.986006876971224
438,38.986497780462116
439,38.988290373030544
440,38.990750450814645
441,38.993302089830706
442,38.995454081949454
443,38.99701357271991
444,38.99800038392249
445,38.99858058519108
446,38.9989491439391
447,38.999263328649434
448,38.99960766930776
449,39.0
450,39.00041494675799
451,39.00081273931351
452,39.001160417023975
453,39.00144214799285
454,39.08420563052363
455,39.243883175400626
456,39.59668447326521
457,40.20375990094365
458,40.9404298002967
459,41.685042102297714
460,42.32764655275783
461,42.82200374237344
462,43.1696130275176
463,43.4066573666904
464,43.578016162969156
465,43.72170330789915
466,43.860011304624635
467,44.00000000000001
468,44.138269171031695
469,44.267323237199605
470,44.38050724988904
471,44.47461475559249
472,44.468902804212114
473,44.372002775880595
474,44.07362005946476
475,43.517290149194466
476,42.82839437837107
477,42.12808553937121
478,41.52504834137892
479,41.06474860196167
480,40.745565685404024
481,40.531890704697716
482,40.37978371225417
483,40.25224171994908
484,40.12781023128065
485,40.0
486,39.87252533331156
487,39.7530208563079
488,39.648199548020784
489,39.561319029144784
490,39.48939012780754
491,39.4295662344685
492,39.37430380450183
493,39.31813192430159
494,39.26239563643111
495,39.20956280326318
496,39.16265784909953
497,39.123212490849085
498,39.09136013139055
499,39.06600092479002
500,39.04553520338699
501,39.02839761382191
502,39.0134366352325
503,39.0
504,38.98784917865087
505,38.97697956582914
506,38.96745082729206
507,38.95927338686192
508,39.01981076852914
509,39.14434528443473
510,39.427616254175476
511,39.91938423794841
512,40.517617091531115
513,41.12280529935141
514,41.64504318234738
515,42.046508033119814
516,42.32839503859446
517,42.52023965023545
518,42.658679779033314
519,42.77474072998981
520,42.88660206125432
521,43.0
522,43.112129097042484
523,43.21684329576778
524,43.30868840717153
525,43.38503167208525
526,43.43397095251262
527,43.45889355045897
528,43.44579768892817
529,43.388593913533256
530,43.30802935029527
531,43.223383943744025
532,43.15142027088538
533,43.098989390004874
534,43.065746694159785
535,43.04630007625427
536,43.034147655064885
537,43.02395734858909
538,43.01280134502165
539,43.00000000000001
540,42.98635814690871
541,42.97320117465834
542,42.96165259022255
543,42.95227224808117
544,42.96302841210603
545,42.992293185888094
546,43.064835067576226
547,43.19348593992768
548,43.35074996893954
549,43.50997207564799
550,43.64717947121234
551,43.75234581876035
552,43.82585098737959
553,43.87560189238447
554,43.91136138699808
555,43.94136705703798
556,43.970418607952695
557,44.00000000000001
558,44.02932877148227
559,44.05674527779369
560,44.080785486007095
561,44.10074420061387
562,44.11351366926357
563,44.11999055453119
564,44.11653165781988
565,44.10155714016702
566,44.0804914169182
567,44.05837048970949
568,44.03956967243806
569,44.02587444186164
570,44.01719149420066
571,44.01211059722017
572,44.00893309807776
573,44.00626685130369
574,44.00334805492732
575,44.0
576,43.996433356065296
577,43.9929943760876
578,43.98997631515818
579,43.98752509783797
580,43.96950133470927
581,43.93688799867422
582,43.86683062296716
583,43.747251914823025
584,43.60243812976794
585,43.45612969483736
586,43.329813439980335
587,43.232539666027655
588,43.16402879412999
589,43.11721435256698
590,43.08332019049195
591,43.054904643797066
592,43.02759581199878
593,43.0
594,42.97277126130675
595,42.947367971111106
596,42.925087352904654
597,42.90655447779276
598,42.91117748443277
599,42.93702293500871
600,43.01075297863568
601,43.146088501013
602,43.31304144758633
603,43.48258368837048
604,43.62863878646842
605,43.7402870153668
606,43.81791017217716
607,43.870057612997954
608,43.90728929992368
609,43.93850765166084
610,43.96888518470691
611,43.99999999999999
612,44.03097623499769
613,44.05999187036512
614,44.08544203627161
615,44.10654883810608
616,44.12002480149309
617,44.126827292771594
618,44.1231286667022
619,44.10727736255434
620,44.08500854125508
621,44.06164021463995
622,44.04178787365366
623,44.02733112082257
624,44.01816671505507
625,44.01280303716139
626,44.00944601014477
627,44.00662659168446
628,44.003539705910825
629,44.0
630,43.996230614019964
631,43.992597284181
632,43.98940939250877
633,43.986820597259694
634,44.00174879610189
635,44.032935836654346
636,44.104051863027436
637,44.227495994487086
638,44.37761458463037
639,44.52942541425805
640,44.66038241507617
641,44.76101936265231
642,44.83165850299708
643,44.87972436109126
644,44.91441348481174
645,44.94350667085372
646,44.97155811727228
647,45.0
648,45.0281235689945
649,45.05438470025572
650,45.07741509743088
651,45.09655554726425
652,45.10882326163701
653,45.11506903239146
654,45.11178289106537
655,45.0974381908823
656,45.07723690357168
657,45.056012907451574
658,45.03796888451059
659,45.024822417964174
660,45.01648700302198
661,45.011610644306884
662,45.0085631447611
663,45.00600763002271
664,45.00321004482956
665,45.0
666,44.996579291261625
667,44.99328022026115
668,44.990384465715266
669,44.988032383231726
670,45.00310572367678
671,45.034359609882685
672,45.105425648233975
673,45.22868757232337
674,45.37855608651802
675,45.53010744264759
676,45.66084551145623
677,45.76132370809259
678,45.83186231095155
679,45.87986899754046
680,45.91452051242393
681,45.94358166332403
682,45.97159804322133
683,46.000000000000014
684,46.02808135075893
685,46.05430200739773
686,46.07729702237113
687,46.09640879335488
688,46.16417061744191
689,46.27767885791275
690,46.51156706877394
691,46.905423780938506
692,47.380590756945466
693,47.86008201267661
694,48.274153366213156
695,48.59342541503413
696,48.81882122767911
697,48.97332397783014
698,49.08548650197406
699,49.17953693007076
700,49.26973259332746
701,49.36064992148086
702,49.450202953938366
703,49.53368227037122
704,49.60689347421658
705,49.66782028351975
706,49.701004603969835
707,49.70952161714066
708,49.67374076560924
709,49.584337391176454
710,49.466869916488655
711,49.3455254344357
712,49.24164792700914
713,49.164065748015375
714,49.11240849077205
715,49.07976273052622
716,49.05769470783375
717,49.039197183405975
718,49.02031760865157
719,49.0
720,48.97913113597957
721,48.95931093232671
722,48.9419183698879
723,48.92763351081664
724,48.93221524512598
725,48.95403980982817
726,49.01462716153368
727,49.12502679817775
728,49.260906247100245
729,49.398747381528885
730,49.51744750944591
731,49.60819355476758
732,49.67132559202524
733,49.71379111080924
734,49.744155503057286
735,49.769632968282025
736,49.79441165613623
737,49.81976712403848
738,49.8449884949866
739,49.868600658337535
740,49.88930622496066
741,49.90647858087515
742,49.92021173827976
743,49.93109782642996
744,49.939914086656266
745,49.947363110422714
746,49.953931853290776
747,49.95987031247655
748,49.965249875652816
749,49.9700511327977
750,49.97424102694039
751,49.977818822074774
752,49.98082880390203
753,49.98334942924112
754,49.985472462881944
755,49.98728346353786
756,49.98884991093404
757,49.99021815650221
758,49.99141693490809
759,49.99246386904716
760,49.993371808299116
761,49.99415313640317
762,49.99482158319593
763,49.99539206893911
764,49.99587953260747
765,49.99629763535749
766,49.996657900881935
767,49.99696947263836
768,49.99723938133798
769,49.99747308125568
770,49.997675014471845
771,49.99784904338612
772,49.99799869427943
773,49.99812723573313
774,49.998237656953734
775,49.99833261470987
776,49.998414397461175
777,49.99848492750858
778,49.99854579882928
779,49.99859833547294
780,49.99864365302072
781,49.99868271021627
782,49.99871634510555
783,49.99874529639393
784,49.99877021445139
785,49.9987916672788
786,49.9988101456215
787,49.998826069444625
788,49.99883979615044
789,49.998851629761326
790,49.9988618299172
791,49.998870619743755
792,49.99887819212903
793,49.998884714425216
794,49.998890331905955
795,49.99889517041515
796,49.99889933858736
797,49.998902929878966
798,49.998906024505786
799,49.99890869127866
800,49.998910989283644
801,49.99891296935512
802,49.998914675317934
803,49.99891614500857
804,49.99891741110844
805,49.998918501832776
806,49.9989194415149
807,49.998920251115294
808,49.998920948673025
809,49.99892154970753
810,49.99892206757329
811,49.998922513768505
812,49.99892289820002
813,49.99892322940829
814,49.99892351475761
815,49.99892376059758
816,49.99892397240121
817,49.998924154884065
818,49.99892431210772
819,49.99892444756988
820,49.99892456428268
821,49.998924664840615
822,49.99892475147891
823,49.99892482612363
824,49.99892489043468
825,49.998924945842575
826,49.99892499357998
827,49.998925034709025
828,49.99892507014472
829,49.99892510067529
830,49.99892512697974
831,49.99892514964304
832,49.9989251691708
833,49.9989251859971
834,49.998925200498434
835,49.99892521299839
836,49.99892522377221
837,49.99892523305683
838,49.99892524105621
839,49.998925247947064
840,49.998925253882476
841,49.99892525899503
842,49.9989252633992
843,49.99892526719363
844,49.9989252704631
845,49.99892527328039
846,49.99892527570803
847,49.99892527779983
848,49.9989252796021
849,49.99892528115317
850,49.998925282489296
851,49.998925283637824
852,49.99892528462555
853,49.998925285478336
854,49.99892528621513
855,49.99892528685215
856,49.99892528740222
857,49.998925287876546
858,49.998925288284894
859,49.998925288636116
860,49.99892528893813
861,49.99892528919798
862,49.99892528942171
863,49.99892528961453
864,49.99892528978083
865,49.99892528992427
866,49.99892529004798
867,49.99892529015294
868,49.99892529024158
869,49.99892529031361
870,49.998925290369556
871,49.99892529041345
872,49.99892529044905
873,49.998925290479704
874,49.99892529050731
875,49.99892529053269
876,49.9989252905558
877,49.99892529057639
878,49.9989252905942
879,49.998925290609236
880,49.99892529062179
881,49.99892529063224
882,49.99892529064105
883,49.99892529064861
884,49.99892529065518
885,49.99892529066096
886,49.99892529066604
887,49.998925290670456
888,49.99892529067429
889,49.99892529067759
890,49.99892529068039
891,49.99892529068279
892,49.998925290684824
893,49.99892529068657
894,49.998925290688064
895,49.99892529068937
896,49.998925290690494
897,49.99892529069149
898,49.99892529069234
899,49.998925290693066
900,49.9989252906937
901,49.99892529069424
902,49.998925290694714
903,49.99892529069512
904,49.99892529069713
905,49.99892529070062
906,49.99892529070793
907,49.998925290720294
908,49.99892529073521
909,49.998925290750265
910,49.99892529076327
911,49.99892529077327
912,49.99892529078033
913,49.99892529078517
914,49.99892529078866
915,49.99892529079161
916,49.99892529079443
917,49.99892529079729
918,49.9989252908001
919,49.99892529080272
920,49.998925290805026
921,49.99892529080529
922,49.99892529080528
923,49.998925290802646
924,49.99892529079855
925,49.9989252907968
926,49.998925290797374
927,49.99892529080009
928,49.998925290803655
929,49.998925290807136
930,49.998925290809794
931,49.99892529081151
932,49.998925290812394
933,49.99892529081279
934,49.99892529081299
935,49.998925290813226
936,49.99892529081359
937,49.998925290814064
938,49.99892529081459
939,49.99892529081342
940,49.99892529081065
941,49.998925290803896
942,49.99892529079197
943,49.9989252907774
944,49.99892529076263
945,49.99892529074989
946,49.9989252907401
947,49.99892529073324
948,49.99892529072859
949,49.99892529072525
950,49.998925290722454
951,49.99892529071973
952,49.99892529071698
953,49.99892529071426
954,49.99892529071172
955,49.99892529070949
956,49.99892529070764
957,49.99892529070616
958,49.99892529070664
959,49.99892529070888
960,49.99892529071513
961,49.99892529072656
962,49.99892529074066
963,49.99892529075496
964,49.99892529076729
965,49.99892529077672
966,49.998925290783276
967,49.998925290787696
968,49.998925290790844
969,49.998925290793494
970,49.99892529079607
971,49.998925290798695
972,49.99892529080131
973,49.99892529080377
974,49.998925290805914
975,49.998925290806056
976,49.99892529080594
977,49.99892529080321
978,49.998925290799036
979,49.998925290797224
980,49.99892529079776
981,49.998925290800415
982,49.99892529080393
983,49.998925290807364
984,49.998925290810014
985,49.998925290811684
986,49.998925290812544
987,49.998925290812906
988,49.9989252908131
989,49.99892529081332
990,49.99892529081367
991,49.998925290814135
992,49.99892529081465
993,49.99892529081348
994,49.9989252908107
995,49.99892529080395
996,49.998925290792045
997,49.99892529077747
998,49.99892529076269
999,49.99892529074994
1000,49.99892529074013
1001,49.998925290733276
1002,49.998925290728614
1003,49.998925290725275
1004,49.99892529072246
1005,49.998925290719775
1006,49.99892529071701
1007,49.99892529071428
1008,49.99892529071173
1009,49.9989252907095
1010,49.99892529070765
1011,49.99892529070616
1012,49.99666761060875
1013,49.992304879109525
1014,49.98265916223028
1015,49.966058367402184
1016,49.945912801215435
1017,49.92554981757432
1018,49.907976614836905
1019,49.89445782132767
1020,49.884952387017194
1021,49.878470675185405
1022,49.873785229024335
1023,49.86985638978029
1024,49.866074495003495
1025,49.862246498945126
1026,49.85846543279726
1027,49.85493632524452
1028,49.851841203308844
1029,49.84926777024275
1030,49.849459077689914
1031,49.8521767120385
1032,49.860486119135686
1033,49.87595732915541
1034,49.89510870917767
1035,49.914575552939176
1036,49.93133908039199
1037,49.944136352305115
1038,49.95301232754341
1039,49.95895613447472
1040,49.963188413701374
1041,49.96673719088847
1042,49.970198625906505
1043,49.97375317036571
1044,49.97729780805282
1045,49.98062057916924
1046,49.98353508463558
1047,49.98595088021662
1048,49.97140717733719
1049,49.94110151175984
1050,49.87195615783563
1051,49.751870340614
1052,49.60579681396939
1053,49.45804927827281
1054,49.33057992999823
1055,49.23261320054712
1056,49.16384459428704
1057,49.117052804726164
1058,49.08328770613298
1059,49.054974366753385
1060,49.02767729026121
1061,49.00000000000001
1062,48.97263084370604
1063,48.947072366941036
1064,48.924656777295034
1065,48.90602646260109
1066,48.90754986167523
1067,48.92748908521717
1068,48.98821339708604
1069,49.10118078089695
1070,49.2409892426341
1071,49.383089777565715
1072,49.505457165976914
1073,49.59887752654423
1074,49.66367989343841
1075,49.7070823090293
1076,49.737991926253024
1077,49.76391038207608
1078,49.7891881132703
1079,49.81514226253461
1080,49.841021581322714
1081,49.865279856368716
1082,49.88655732907942
1083,49.90419433378364
1084,49.901979804400085
1085,49.88162802502805
1086,49.82099601325907
1087,49.70873765410673
1088,49.569983947584774
1089,49.42902037327781
1090,49.30763473237556
1091,49.214936980906785
1092,49.15059449206086
1093,49.10745857218795
1094,49.076710292694806
1095,49.0509226526346
1096,49.02578778859064
1097,49.0
1098,48.97430069646763
1099,48.9502181313924
1100,48.929096183796744
1101,48.911586090027015
1102,48.80130533003437
1103,48.60415659700908
1104,48.183802962870715
1105,47.4682080869746
1106,46.60232156675176
1107,45.727799107224456
1108,44.97282569921327
1109,44.391359230089094
1110,43.98168435332167
1111,43.70159504952165
1112,43.49869569974675
1113,43.32856488175196
1114,43.165106642590686
1115,43.000000000000014
1116,42.83714368892242
1117,42.68523484206942
1118,42.55200767463474
1119,42.441184902208214
1120,42.37004572528769
1121,42.33370771282364
1122,42.352578139464484
1123,42.435557919732965
1124,42.55252691553036
1125,42.67547355039102
1126,42.78002817646918
1127,42.856217923823834
1128,42.90452810225797
1129,42.93278484835213
1130,42.95043354763091
1131,42.96522444360644
1132,42.98141610504355
1133,43.0
1134,43.019808964491816
1135,43.03891765354724
1136,43.05569277314587
1137,43.06931948413876
1138,43.07769036608181
1139,43.08154731197972
1140,43.07868648312416
1141,43.06823950175985
1142,43.05390259378105
1143,43.039032256250024
1144,43.02649113967241
1145,43.01740309596067
1146,43.01165252214825
1147,43.008271535866214
1148,43.006123877385065
1149,43.00429302080268
1150,43.002286363939646
1151,43.0
1152,42.997581824806744
1153,42.99526362342237
1154,42.993237486646315
1155,42.99159567649802
1156,42.90799820387599
1157,42.747936513484966
1158,42.39542236250298
1159,41.78939378702144
1160,41.054160710402265
1161,40.3110392424862
1162,39.66969269754172
1163,39.17624763582005
1164,38.82921600202305
1165,38.59251163609367
1166,38.42136891872141
1167,38.277865827183035
1168,38.1397593017728
1169,37.99999999999999
1170,37.861973395230216
1171,37.73315187880454
1172,37.6201711576804
1173,37.526228428945295
1174,37.51552331674279
1175,37.58055034954566
1176,37.80832617871951
1177,38.24307085048044
1178,38.78439907098509
1179,39.33554308455784
1180,39.80985488864049
1181,40.17113489978094
1182,40.42070204864791
1183,40.58691289456633
1184,40.70471300535701
1185,40.80348765373708
1186,40.90022479586897
1187,41.0
1188,41.099781401216475
1189,41.193437260773486
1190,41.27558871806471
1191,41.34362094844051
1192,41.320870566777515
1193,41.21493324730722
1194,40.92055936796504
1195,40.383558804081865
1196,39.722220210285975
1197,39.05103567508328
1198,38.47284942309255
1199,38.03069918171296
1200,37.72303392860845
1201,37.51608170227723
1202,37.368144952683636
1203,37.244073251283076
1204,37.12343880791637
1205,37.00000000000001
1206,36.877200007894544
1207,36.76221650064723
1208,36.66137120158711
1209,36.57772369066627
1210,36.52430041332206
1211,36.497311971037426
1212,36.51194448976338
1213,36.57475644359817
1214,36.66301779053919
1215,36.75564749441717
1216,36.8343460454331
1217,36.89165859013366
1218,36.92799121457363
1219,36.94925522642004
1220,36.96256232894394
1221,36.973736678650084
1222,36.985970697975105
1223,37.0
1224,37.014940500075895
1225,37.029342455528464
1226,37.0419792531936
1227,37.05224148631263
1228,37.041535741071506
1229,37.011572456047034
1230,36.93674916574401
1231,36.803813411816954
1232,36.641241579536526
1233,36.47662939165202
1234,36.33478895389582
1235,36.22609450063366
1236,36.15014992491957
1237,36.09877057118301
1238,36.0618531675638
1239,36.03087471297536
1240,36.00087100332528
1241,35.97030933033441
1242,35.94000192800957
1243,35.91166801560844
1244,35.88682364495613
1245,35.86619906611629
1246,35.84752503374174
1247,35.830244673980594
1248,35.81040692904202
1249,35.78558434426754
1250,35.75844997937823
1251,35.73187728998707
1252,35.708645504405965
1253,35.6899799093595
1254,35.67587753749997
1255,35.665393383769455
1256,35.65730304001056
1257,35.65052118593318
1258,35.64435702312063
1259,35.63852445908457
1260,35.633031606143106
1261,35.62801838421668
1262,35.623623661118735
1263,35.6199095785186
1264,35.62105866216288
1265,35.626689246409036
1266,35.6426066305332
1267,35.67181522092257
1268,35.70786637084808
1269,35.74450014265
1270,35.77608104925273
1271,35.80024025996181
1272,35.817049622643516
1273,35.828348463693196
1274,35.83641501838415
1275,35.843173251042344
1276,35.84974349878602
1277,35.85646998800738
1278,35.86316603132728
1279,35.869439297800724
1280,35.874943253985975
1281,35.87950934328445
1282,35.923731079627515
1283,36.00502238067911
1284,36.180696629680824
1285,36.48098812942471
1286,36.84474428385208
1287,37.21224005857615
1288,37.52945587718776
1289,37.773661475466504
1290,37.945585619253386
1291,38.06301153893455
1292,38.14800803372948
1293,38.21927834497868
1294,38.28780235737527
1295,38.357071823901734
1296,38.42543296124826
1297,38.48921379432696
1298,38.54515098804517
1299,38.59167321907269
1300,38.64581282091835
1301,38.7079811552377
1302,38.803803323558625
1303,38.9475346719163
1304,39.11513516111741
1305,39.282569935875046
1306,39.427718029809505
1307,39.54116009940001
1308,39.62313262041781
1309,39.680995449124204
1310,39.723987629904116
1311,39.76003997927366
1312,39.79392356664536
1313,39.82729917657274
1314,39.85965616073643
1315,39.88959718530933
1316,39.9158496486796
1317,39.93781201203534
1318,40.00446059105364
1319,40.113166124156784
1320,40.333536771926546
1321,40.70253637955228
1322,41.146973986101685
1323,41.595197000105024
1324,41.98228035551584
1325,42.280883881285355
1326,42.49188560957488
1327,42.63670897899431
1328,42.74196529453248
1329,42.83023816648438
1330,42.9148238057474
1331,43.0
1332,43.08383686552128
1333,43.16195855320555
1334,43.23046671259263
1335,43.28749000814629
1336,43.31530830608419
1337,43.317015563731985
1338,43.2696476912558
1339,43.16205881868394
1340,43.02308453397608
1341,42.880160480890716
1342,42.75760187685532
1343,42.66549782761357
1344,42.603444705576344
1345,42.5635461428736
1346,42.5361389312992
1347,42.51316516108774
1348,42.490045751380805
1349,42.46551347446115
1350,42.44053217564616
1351,42.41689490748152
1352,42.39615494693482
1353,42.37907547739751
1354,42.393657573788275
1355,42.437360634682655
1356,42.54884653866759
1357,42.74813978300173
1358,42.9923150195634
1359,43.23974573623223
1360,43.45298544928242
1361,43.616353506159065
1362,43.73041517514909
1363,43.807490118117755
1364,43.862801271906136
1365,43.90919594799049
1366,43.95415866460118
1367,44.00000000000001
1368,44.04549330072311
1369,44.08804262117746
1370,44.125357266730745
1371,44.156331217734085
1372,44.25945449639819
1373,44.43048816097995
1374,44.78106051599107
1375,45.370430834610865
1376,46.0811674159524
1377,46.79829495971442
1378,47.417626148243045
1379,47.89526093942877
1380,48.232567910851415
1381,48.46387867622964
1382,48.63185427002762
1383,48.77270143881046
1384,48.907733875991866
1385,49.04380174776718
1386,49.17779901156805
1387,49.30269677503613
1388,49.41223262053943
1389,49.503396312624574
1390,49.57671886398083
1391,49.63519874570147
1392,49.6827630540521
1393,49.72297925867794
1394,49.758348575732406
1395,49.79019135307553
1396,49.81893012066946
1397,49.84452278198211
1398,49.86684645075437
1399,49.885928640636244
1400,49.90201385783911
1401,49.915512651742446
1402,49.92689980679988
1403,49.93661811928072
1404,49.945019365394664
1405,49.95234877953882
1406,49.958762158532444
1407,49.96435805823931
1408,49.9692094102905
1409,49.97338522389413
1410,49.97695994691452
1411,49.98001301816309
1412,49.98262328532806
1413,49.98486270793504
1414,49.98679215743064
1415,49.98846024145898
1416,49.98990465204051
1417,49.99115485622248
1418,49.99223493817794
1419,49.99316579639337
1420,49.99396640455176
1421,49.99465424756893
1422,49.99524525180304
1423,49.99575354981507
1424,49.996191322477884
1425,49.99656882448164
1426,49.996894584145764
1427,49.99717570417492
1428,49.99741817726172
1429,49.99762715257952
1430,49.99780712471346
1431,49.99796204815919
1432,49.99809539915354
1433,49.998210211200025
1434,49.9983091052312
1435,49.99839432565316
1436,49.99846778440771
1437,49.998531109393475
1438,49.99858569164813
1439,49.998632726661384
1440,49.998673247537916
1441,49.9987081500933
1442,49.99873821152718
1443,49.998764104856704
1444,49.998786411020276
1445,49.998805629876415
1446,49.99882219060088
1447,49.99883646147015
1448,49.99884875878483
1449,49.99885935469024
1450,49.99886848378595
1451,49.99887634857868
1452,49.998883123951
1453,49.99888896086533
1454,49.99889398950769
1455,49.99889832202339
1456,49.99890205493668
1457,49.99890527129884
1458,49.998908042581576
1459,49.998910430324436
1460,49.998912487549035
1461,49.99891425996144
1462,49.99891578697079
1463,49.998917102554515
1464,49.99891823599853
1465,49.998919212535725
1466,49.99892005390014
1467,49.998920778809136
1468,49.998921403382376
1469,49.998921941504456
1470,49.99892240513734
1471,49.99892280458851
1472,49.99892314874077
1473,49.998923445249154
1474,49.99892370071011
1475,49.99892392080722
1476,49.99892411043696
1477,49.99892427381746
1478,49.998924414582376
1479,49.99892453586207
1480,49.99892464035346
1481,49.9989247303802
1482,49.99892480794445
1483,49.99892487477134
1484,49.9989249323473
1485,49.998924981953024
1486,49.99892502469191
1487,49.99892506151457
1488,49.99892509323999
1489,49.99892512057376
1490,49.99892514412379
1491,49.99892516441382
1492,49.99892518189512
1493,49.99892519695649
1494,49.99892520993292
1495,49.998925221113055
1496,49.99892523074553
1497,49.998925239044596
1498,49.99892524619483
1499,49.998925252355264
1500,49.998925257662926
1501,49.99892526223587
1502,49.99892526617578
1503,49.99892526957031
1504,49.99892527249494
1505,49.99892527501469
1506,49.998925277185656
1507,49.998925279056095
1508,49.99892528066761
1509,49.99892528205604
1510,49.998925283252284
1511,49.998925284282926
1512,49.9989252851709
1513,49.998925285935954
1514,49.99892528659511
1515,49.99892528716302
1516,49.998925287652305
1517,49.99892528807387
1518,49.998925288437064
1519,49.99892528874999
1520,49.99892528901959
1521,49.99892528925187
1522,49.99892528945198
1523,49.998925289624424
1524,49.99892528977297
1525,49.99892528990097
1526,49.998925290011236
1527,49.99892529010625
1528,49.9989252901881
1529,49.99892529025863
1530,49.9989252903194
1531,49.99892529037175
1532,49.998925290416864
1533,49.998925290455745
1534,49.998925290489225
1535,49.99892529051807
1536,49.99892529054293
1537,49.998925290564344
1538,49.99892529058279
1539,49.99892529059868
1540,49.99892529061237
1541,49.998925290624165
1542,49.998925290634325
1543,49.998925290643086
1544,49.99892529065063
1545,49.99892529065712
1546,49.99892529066274
1547,49.99892529066756
1548,49.99892529067172
1549,49.99892529067531
1550,49.9989252906784
1551,49.99892529068106
1552,49.99892529068335
1553,49.99892529068532
1554,49.99892529068701
1555,49.99892529068846
1556,49.998925290689726
1557,49.99892529069081
1558,49.998925290691744
1559,49.998925290692554
1560,49.99892529069325
1561,49.998925290693855
1562,49.99892529069437
1563,49.998925290694814
1564,49.9989252906952
1565,49.998925290695524
1566,49.99892529069581
1567,49.998925290696064
1568,49.99892529069628
1569,49.99892529069648
1570,49.99892529069663
1571,49.998925290696775
1572,49.998925290696896
1573,49.99892529069699
1574,49.99892529069708
1575,49.99892529069716
1576,49.998925290697215
1577,49.998925290697265
1578,49.9989252906973
1579,49.998925290697336
1580,49.99892529069738
1581,49.9989252906974
1582,49.998925290697436
1583,49.99892529069746
1584,49.99892529069747
1585,49.9989252906975
1586,49.99892529069752
1587,49.998925290697535
1588,49.982424897933676
1589,49.950539608531976
1590,49.880043298071875
1591,49.75871537597081
1592,49.61148027606585
1593,49.46265616742677
1594,49.33422134277525
1595,49.23541841539797
1596,49.16594736864969
1597,49.11857538216671
1598,49.084331512959444
1599,49.05561735157874
1600,49.027977142804424
1601,49.0
1602,48.97236584731026
1603,48.94657314938938
1604,48.923952261835645
1605,48.90514416922262
1606,48.827008254536835
1607,48.69317889765478
1608,48.4141070749447
1609,47.94236256901365
1610,47.37263875307865
1611,46.79756128881485
1612,46.30100554425172
1613,45.91829188138874
1614,45.64830276453442
1615,45.46340413859381
1616,45.32927598657367
1617,45.21680634843152
1618,45.108874959711514
1619,44.99999999999999
1620,44.8927058942009
1621,44.79266632095228
1622,44.704931462866575
1623,44.631929933983024
1624,44.46941774591551
1625,44.22200450105574
1626,43.74039505812047
1627,42.94483129133385
1628,41.99013054640437
1629,41.02824549436517
1630,40.19712806764905
1631,39.554970112074635
1632,39.09998529592724
1633,38.78664432444584
1634,38.558306596875646
1635,38.36683368656345
1636,38.18380900447768
1637,38.0
1638,37.81940270919219
1639,37.651249074011794
1640,37.50378514161038
1641,37.380965360078655
1642,37.23587420396732
1643,37.067634006009
1644,36.806002351404416
1645,36.41201673835342
1646,35.952097647690096
1647,35.49253644515912
1648,35.094269142868065
1649,34.78320462122268
1650,34.55865271998837
1651,34.40032178987353
1652,34.28276940612354
1653,34.18417591071958
1654,34.09143351622491
1655,34.0
1656,33.91130655614463
1657,33.829217348792234
1658,33.757245246695554
1659,33.69705011463745
1660,33.55892395678404
1661,33.34705557587904
1662,32.93333066578919
1663,32.249409786926456
1664,31.428632258443972
1665,30.601760285740713
1666,29.887433448299067
1667,29.335646823428725
1668,28.944805632473244
1669,28.675711683707924
1670,28.4796373390298
1671,28.31518964014198
1672,28.157949766217495
1673,27.999999999999996
1674,27.844794721613244
1675,27.700283594956456
1676,27.573561365714873
1677,27.46802748694677
1678,27.38362129868353
1679,27.316861865460833
1680,27.264052093163755
1681,27.22152460114794
1682,27.185543938398357
1683,27.153744253386886
1684,27.12486716723223
1685,27.098627597615316
1686,27.07516530854636
1687,27.05469045185708
1688,27.03722734003088
1689,27.02256446180145
1690,27.01030904015251
1691,26.999999999999996
1692,26.99120825214331
1693,26.983598412206447
1694,26.976943430010827
1695,26.971105881851038
1696,26.950492415086824
1697,26.91609263398012
1698,26.846014248247766
1699,26.72870282185894
1700,26.587515824698997
1701,26.4452402258479
1702,26.32246962505903
1703,26.227835989260786
1704,26.161012577240673
1705,26.115165948605053
1706,26.08183653582102
1707,26.053859973686187
1708,26.027028935953364
1709,26.0
1710,25.973396409445247
1711,25.94861220379775
1712,25.92688500155441
1713,25.90880618022635
1714,25.884021152576235
1715,25.852625360198417
1716,25.799418971196083
1717,25.71610787696322
1718,25.617672367008446
1719,25.518950314280527
1720,25.433504352600433
1721,25.367081436971667
1722,25.319519379948442
1723,25.286321609047864
1724,25.2618694008515
1725,25.24136341744926
1726,25.221942937221925
1727,25.20264418328354
