intervals,P_FC,g_CCGT,P_GRID,P_c,u_c,P_d,u_d,P_wcur,P_cur,Q_GB,Q_HP,Q_cur,SOC,Q_CCGT.1,Q_CCGT.2,Q_CCGT.3,Q_CCGT.4,Q_CCGT.5,Q_CCGT.6,Q_CCGT.7,Q_CCGT.8,Q_CCGT.9,Q_CCGT.10,Q_CCGT.11,Q_CCGT.12,Q_CCGT.13,Q_CCGT.14,Q_CCGT.15,Q_CCGT.16,Q_CCGT.17,Q_CCGT.18
1,7.0,1.6278297340907724,6.0,0,0,3.0,1,0,0.0,1.0,1.0502919976760268,0.0,6.666666666666667,25.89489187290896,24.39489187290896,22.89489187290896,24.39489187290896,24.385551377557565,23.633642426355916,22.133642426355916,21.206472310045722,20.882157976617243,21.233560449852504,21.92771881980601,22.705732868076584,23.339014488933135,23.74533540375213,23.93347701197704,23.977610546813292,23.961218474481523,23.949708002323973
2,7.0,1.630711647016975,6.0,0,0,3.0,1,0,0.0,0.999999999999998,1.3882546583149014,0.0,5.833333333333334,23.975198205454628,24.0406855949156,24.130938161544563,24.225561888013967,24.30877590327048,24.372413118980138,24.417127950112047,24.448274888152937,24.471511912681546,24.491541509837553,24.510888139005186,24.530236072883334,24.54903055490514,24.566320837987508,24.581331559815116,24.593754131457054,24.603741352484384,24.6117453416851
3,7.0,1.5697040940808376,6.0,0,0,3.0,1,0,0.0,0.9999999999999982,2.112184570615236,0.0,5.000000000000001,24.618308428223312,24.623900923799958,24.628839810471113,24.633284918689476,24.624550825479133,24.603492045841406,24.552174886656772,24.461180904399946,24.349782605354918,24.236804869370317,24.139273094169173,24.064379123100924,24.011938108934242,23.976401142071346,23.950866476922688,23.929484316942812,23.908826840223735,23.887815429384766
4,7.0,1.606466677174649,6.0,0,0,3.0,1,0,0.0,0.9999999999999991,4.786378695614663,0.0,4.166666666666668,23.866985518575106,23.847504660436872,23.83041039681619,23.816207219339873,23.812493263005152,23.818272278397867,23.843714827206156,23.893931784051173,23.956935058793093,24.02120955789069,24.07647320789029,24.118440330935897,24.147274643123886,24.16633829634823,24.179765797538423,24.191026038131803,24.20211587563939,24.213621304385338
5,6.220393210043081,1.5834999149420577,6.0,0,0,3.0,1,0,0.0,1.0,5.0,0.0,3.3333333333333344,24.225170700709548,24.236028941853576,24.245553409962174,24.253431149999585,24.25490780094638,24.25058874195098,24.23409783714821,24.202219617374038,24.162424300405267,24.121891640974848,24.08703588358394,24.06052859639042,24.042263530924345,24.030136856207065,24.021562105957084,24.014368364354215,24.00730424853671,24.0
6,6.328480001085829,1.5873389243116818,6.0,0,0,3.0,1,0,0.0,1.0,5.0,0.0,2.500000000000001,23.992684581750794,23.985814631817945,23.979789564396793,23.97480330072432,23.97163152777304,23.970043346343413,23.97093390336779,23.974686731031998,23.979947056051355,23.985461088115017,23.990142363516735,23.99354986800546,23.9957096624973,23.99697432738887,23.997766985280073,23.998433630265524,23.999163548877483,24.0
7,3.87806014522943,1.7451768699987906,6.0,0,0,3.0,1,0,0.0,1.0,5.0,0.0,1.6666666666666674,24.00089013736485,24.001747702565858,24.002499863560203,24.003110555031636,24.036522186205445,24.100533210793692,24.24154798902216,24.483995525736894,24.778139300701714,25.07544107054322,25.33202512469069,25.529436519398974,25.668270598039605,25.76296509943809,25.83143027484111,25.8888382488241,25.94408809210669,26.0
8,5.819665383694073,1.7160789107748884,6.0,0,0,0.6000000000000026,1,0,0.0,1.0,5.0,0.0,1.5,26.055219314248426,26.106756274524418,26.15195590785485,26.189538987072844,26.21364644535235,26.225941046222154,26.219516291091548,26.19136414548315,26.15169880420339,26.1100156653834,26.07457291052716,26.04874785009764,26.03237330338279,26.022794957319146,26.01681079476662,26.011794191575927,26.00630239277182,26.0
9,6.471008759446356,1.7195486332833607,6.0,0,0,0.0,0,0,0.0,1.0,5.0,0.0,1.5,25.993283032415565,25.986804195254372,25.98111697587238,25.976497339292273,25.97365958873701,25.972352054858153,25.97332197575998,25.976863855019957,25.981724582654415,25.986766205894813,25.991018173854513,25.994099441610366,25.99604918266391,25.997195531346353,25.997923716344424,25.99854447568545,25.99922482538161,26.0
10,6.253843868107129,1.7191280250953458,6.0,0,0,0.0,0,0,0.0,1.0,5.0,0.0,1.5,26.000819862142873,26.001605830505742,26.00229277951847,26.00284942801637,26.003190763123694,26.003347992058806,26.003230477316833,26.002802031298742,26.002213976717282,26.001603814135144,26.001088982249726,26.000715668572834,26.000479248573697,26.000340105250785,26.000251669550206,26.00017634149379,26.00009388477413,26.0
11,4.823651040626263,1.7983275568413395,6.0,0,0,0.0,0,0,0.0,1.0,5.0,0.0,1.5,25.999900723754354,25.99980554682797,25.999722344442013,25.999654905109857,26.0161318430041,26.04803188848185,26.11861766476656,26.240127602918218,26.387592249852865,26.536650568424516,26.66528627054986,26.76424107138501,26.833815780385745,26.881255762930245,26.91554726506797,26.94430146039046,26.97198138753521,27.0
12,5.003213403133287,1.7837445752265628,6.0,0,0,0.0,0,0,0.0,1.0,5.0,0.0,1.5,27.027675924015206,27.053507933189547,27.076163279198553,27.094999819640826,27.107081146865426,27.113241163206627,27.110019290490552,27.09590858521467,27.076028377687628,27.055137483006888,27.03737448630836,27.024431777145317,27.01622539160055,27.011424970556767,27.00842574070129,27.00591135022163,27.00315878559274,27.0
13,3.708222029287832,1.8646321326440525,6.0,0,0,0.0,0,0,0.0,1.0,5.0,0.0,1.5,26.996633491006133,26.993386378495604,26.990536042827348,26.988220772819776,27.003316861277444,27.034580669939295,27.105638341110122,27.228871524221294,27.37870106081648,27.53021225007479,27.660916608026934,27.761370472615184,27.83189372636375,27.879891390707197,27.914537140147598,27.943593329855453,27.971604252570167,28.0
14,2.913598785916477,1.8498445203246647,6.0,0,0,0.0,0,0,0.0,1.0,5.0,0.0,1.5,28.028074801786126,28.054289197810952,28.077278754074687,28.096386109631872,28.108633498015212,28.114870005328775,28.111590958049906,28.097271807389912,28.0771055038879,28.055917757995754,28.037904289809894,28.024779959386425,28.01645855278708,28.01159043674781,28.00854818162865,28.00599714287284,28.003204461824236,28.0
15,2.8853784597244605,1.851608290711666,6.0,0,0,0.0,0,0,0.0,1.0,5.0,0.0,1.5,27.9965851918343,27.993291774574242,27.99040095994051,27.988052879885643,27.986610533222077,27.985945945865947,27.986438971034705,27.988239350113478,27.990710127713673,27.993272875714986,27.99543424535232,27.997000538277774,27.99799165831648,27.998574395383653,27.99894456480214,27.999260120268808,27.99960596100517,28.0
16,2.888799355396255,1.8513944847321786,6.0,0,0,0.0,0,0,0.0,1.0,5.0,0.0,1.5,28.000416753695394,28.000816279053776,28.001165471896325,28.001448431138947,28.00162194197764,28.001701867166663,28.00164213281087,28.001424343577085,28.0011254207015,28.000815259414377,28.00055355702399,28.000363791987606,28.000243613619684,28.00017288359077,28.0001279296193,28.0000896386206,28.000047723918456,28.0
17,5.421139398356711,1.69312323204715,6.0,0,0,0.0,0,0,0.0,1.0,5.0,0.0,1.5,27.99994953541301,27.99990115458076,27.999858860695642,27.999824579569626,27.966766933992325,27.90291900465038,27.761783107125886,27.518893386141727,27.224142766469672,26.926211535138084,26.669096575174876,26.47130041528065,26.33222283835909,26.237385151254163,26.16882901378309,26.111343505961422,26.05600870124853,26.0
18,0.8,1.9597194443280415,5.355600001862452,0,0,0.0,0,0,0.0,1.0,5.0,0.0,1.5,25.944678315614734,25.89304321660139,25.84775780604141,25.810105217027193,25.835510057212115,25.918953171358684,26.137107282241242,26.529687072548178,27.011606087028433,27.500318624291552,27.92154566310202,28.244146063896764,28.469188336423947,28.621053439664326,28.729891018146766,28.82115224491117,28.909664161477167,29.0
19,0.8,1.9916615084580451,4.844526975782397,0,0,0.0,0,0,0.0,1.0,5.0,0.0,1.5,29.089721059897624,29.173673221260174,29.247306631089458,29.308419801519673,29.364009973132955,29.415712124094433,29.475651537692123,29.551247969273867,29.634157025317037,29.715444752232273,29.78649200378174,29.843502971245115,29.886486973328083,29.91836650945652,29.942923980909946,29.963507298804807,29.982241577970708,30.0
20,0.8,2.141017930199873,2.4678164452057842,0,0,0.0,0,0,0.0,1.0,5.0,0.0,1.5,30.016747377995635,30.032043302111084,30.045453017295273,30.056780878400218,30.09728701175368,30.165160348643013,30.3046587538209,30.539222781444956,30.82203239437802,31.107307645727317,31.353604975677882,31.543491770863774,31.677548140445005,31.76945828296636,31.836204934025247,31.892190209634336,31.945883850465798,32.0
21,0.8,2.192067935943912,1.646746526466174,0,0,0.0,0,0,0.0,1.0,5.0,0.0,1.5,32.0532943832378,32.10296621936447,32.14652341757353,32.182770036228234,32.22257380653418,32.266408715987254,32.330835022506385,32.42516270403246,32.53429288039937,32.64304803068153,32.73740435866037,32.81137673125913,32.86510972027497,32.90328437243627,32.93179045817023,32.955697592322004,32.97807172862677,33.0
22,0.8,2.180839643478092,1.8373646983228724,0,0,0.0,0,0,0.0,1.0,5.0,0.0,1.5,33.02118326979505,33.04075147177282,33.05790750724137,33.07227664219854,33.08161353559569,33.08650897358768,33.08422484210198,33.0735388118033,33.05835848950213,33.04234233932231,33.02869050902481,33.018726970809844,33.01240566695997,33.008713537108484,33.00641830102745,33.004504062834044,33.00240929164105,33.0
23,0.8,2.2613205294698973,1.6380558501460953,0,0,0.0,0,0,0.0,1.0,5.0,0.0,1.5,32.997426199180865,32.99493902320214,32.99275288028559,32.99097581385321,33.00640192246214,33.03781774365004,33.10876178773545,33.231580716901746,33.380841681616786,33.53176292511787,33.66196951009016,33.762062430903924,33.83235709837012,33.880220229491805,33.914780472850545,33.943763829678204,33.971695027100424,34.0
24,0.8,2.2465821835863693,4.765796173729207,0,0,0.0,0,0,0.0,1.0,5.0,0.0,1.5,34.02797881461153,34.05410118710651,34.07701029770827,34.09605244839836,34.108259837344995,34.11447790469724,34.11121260111041,34.096943620557575,34.076846189435344,34.05572991073093,34.03777674613157,34.02469614339788,34.01640242893434,34.01155060952993,34.00851871059197,34.005976492333595,34.003193466984555,34.0
25,7.0,2.248339986124768,-1.4623286668851776,0,0,0.0,0,0,0.0,1.0,5.0,7.105427357601002e-15,1.5,33.99659681882091,33.99331454891228,33.99043347936154,33.98809329817841,33.986655796990135,33.985993443342586,33.98648480355264,33.988279105137345,33.990741539772145,33.99329563053775,33.99544969528988,33.99701069128167,33.99799845686337,33.99857921986221,33.99894813479669,33.99926262179194,33.99960729287649,33.99999999999999
26,7.0,2.3272754801661826,-1.72320563031019,0,0,0.0,0,0,0.0,1.0,5.0,0.0,1.5,34.000415345250424,34.00081352026809,34.0011615326375,34.00144353505046,34.01813476697581,34.050133538909584,34.12064556784662,34.24188656363466,34.38898206585321,34.53765735565578,34.665969870250485,34.76469032158903,34.83411661750852,34.881469254087705,34.91570524316291,34.94441215416657,34.972040321720954,35.0
27,7.0,2.3918730619573423,-2.7588578802063566,0,0,0.0,0,0,0.0,1.0,5.0,0.0,1.5,35.02761360462815,35.053385867203545,35.075988983304946,35.09478318898395,35.12335685434185,35.16142401583618,35.22878262799489,35.33616254477498,35.463720467409196,35.59186037543796,35.702709863107785,35.788705118958056,35.850062780506946,35.89269606754109,35.92398435253062,35.950220761353314,35.97514440629161,36.0
28,7.0,2.5373285125717593,-4.086145090037036,0,0,0.0,0,0,0.0,1.0,5.0,0.0,1.5,36.0243049384703,36.046885543246155,36.06668680158927,36.083205030842244,36.1268988889854,36.196240971299076,36.33464897239149,36.565231838971485,36.84257779466867,37.122185824800795,37.36370333064719,37.55012610019806,37.68199032786044,37.77261145868325,37.838539252346465,37.89382653552383,37.94675528451254,38.0
29,7.0,2.509702792967582,-2.6441335763701943,0,0,0.0,0,0,0.0,1.0,5.0,0.0,1.5,38.05237273366659,38.101161016915285,38.14394595899953,38.17956678384154,38.2024684943365,38.21420750325588,38.208194337186,38.18154561784432,38.14394346869268,38.104400165116004,38.07076194058926,38.04624442226322,38.03069712888019,38.021605078307815,38.01592979065337,38.01117653380585,38.00597342545409,38.0
30,7.0,2.5921426037443114,-2.956898880649483,0,0,0.0,0,0,0.0,1.0,5.0,0.0,1.5,37.99363097704398,37.98748569709925,37.98209000194018,37.97770658152784,37.99153197568917,38.02221026544878,38.09370186602134,38.21851996998295,38.37052456122409,38.5242916576557,38.65689848462359,38.75873090872527,38.83012639073722,38.87863681926713,38.913608265308106,38.942942129292916,38.97125742665836,39.0
31,7.0,2.577166809695544,-1.7235578440175914,0,0,0.0,0,0,0.0,1.0,5.0,0.0,1.5,39.028441631099625,39.055007689570004,39.07830459755837,39.097660998221514,39.11006109307435,39.11636793466063,39.11303630135706,39.0985254557566,39.07809605101755,39.05663531506933,39.038391509349616,39.02510015735358,39.016672975501635,39.01174260556823,39.008660782889976,39.006076040816374,39.00324646714987,39.0
32,7.0,2.578953377632179,-1.7521429310037533,0,0,0.0,0,0,0.0,1.0,5.0,0.0,1.5,38.99654077462961,38.99320477445312,38.99027673450736,38.98789848165527,38.98643762570606,38.98576450544113,38.9862638903256,38.98808748506325,38.99059013261588,38.9931859513064,38.995375225805816,38.99696175327667,38.99796568757585,38.99855596575079,38.99893092738929,38.99925056445026,38.99960087325964,39.0
33,7.0,2.4995882329886254,-0.4648673496316107,0,0,0.0,0,0,0.0,1.0,5.0,7.105427357601002e-15,1.5,39.0004221339609,39.00082681763967,39.001180519918464,39.00146713428286,38.98512457927437,38.95328642076663,38.88265435436291,38.760975704009525,38.613279506046176,38.46398093631923,38.335142521562496,38.23604073069524,38.166372932142785,38.118878161155685,38.08455183560069,38.05576797760548,38.02805558108888,37.99999999999999
34,7.0,2.5933398554026708,-0.9768153042678307,0,0,0.0,0,0,0.0,1.0,5.0,0.0,1.5,37.97228498506695,37.946415499544784,37.92372739241837,37.904864297630155,37.90928498886086,37.935036580190285,38.008835611515806,38.144424797190496,38.31172646724832,38.48163086915683,38.627991756476604,38.739861848404516,38.81762557948694,38.86985576480213,38.90714000328634,38.938403058469234,38.968829495927324,39.0
35,7.0,2.5770216354302886,-0.721235055773505,0,0,0.0,0,0,0.0,1.0,5.0,0.0,1.5,39.031035142657544,39.060107274735,39.08560684605773,39.10675370376536,39.12025421237078,39.12706813679764,39.123361198479614,39.1074791696213,39.085168071165725,39.061755817873184,39.04186637563196,39.02738269788944,39.01820122984958,39.01282750972001,39.0094641080942,39.00663927043165,39.0035464570527,39.0
36,7.0,2.658119542619399,-1.9800630922165041,0,0,0.0,0,0,0.0,1.0,5.0,0.0,1.5,38.996223470944884,38.99258328893289,38.98938940416985,38.98679574945489,39.00172113327074,39.03290631036739,39.104022751652124,39.22747020428896,39.377593832031565,39.52941016884316,39.660371998649374,39.761012560618596,39.83165405004155,39.87972130115579,39.914411278048135,39.94350513996213,39.971557299989065,40.0
37,7.0,2.643306447445828,0.23030919300936858,0,0,0.0,0,0,0.0,1.0,5.0,0.0,1.5,40.02812445068909,40.05438644551255,40.07741761200455,40.096558694551355,40.10882677250091,40.11507281780812,40.111786661646214,40.09744156068673,40.077239633215555,40.05601492120768,40.03797026123945,40.0248233128521,40.01648758261442,40.01161103721189,40.00856342540283,40.006007824281404,40.00321014886109,40.0
38,7.0,2.7242218817819808,-1.0477312628133362,0,0,0.0,0,0,0.0,1.0,5.0,0.0,1.5,39.99657917782219,39.993279994639835,39.99038413940188,39.98803197368834,40.003105428764584,40.0343588033553,40.10542425132336,40.22868582278347,40.3785543302152,40.53010595852967,40.66084443869511,40.76132304616737,40.831861969229514,40.87986885485406,40.91452046423343,40.94358164493513,40.971598031239374,41.0
39,7.0,2.9468766239236133,-4.451792215869666,0,0,0.0,0,0,0.0,1.0,5.0,0.0,1.5,41.02808138081051,41.05430208446083,41.07729715488785,41.09640897994588,41.15821403421885,41.260209157423084,41.4686438528602,41.81869540977425,42.24070462888477,42.66646519155832,43.034167586291076,43.31776898283668,43.5180838819824,43.65548403137082,43.75528343966597,43.838967014043114,43.91918349286872,44.0
40,7.0,2.9049103755716685,-3.8101592603368957,0,0,0.0,0,0,0.0,1.0,5.0,0.0,1.5,44.07957609068719,44.153743348850796,44.218787667226195,44.27292415845586,44.30771042679772,44.32551880460889,44.31635149178981,44.275839028870806,44.21869564230933,44.15861316134694,44.10750870719757,44.07026367103643,44.046646272580574,44.03283400696797,44.024210465221685,44.01698623774098,44.009078093960085,44.0
41,7.0,2.989059795017827,-2.0005102950611615,0,0,0.0,0,0,0.0,1.0,5.0,0.0,1.5,43.9903216933784,43.98098416360118,43.972786093126295,43.96612627678294,43.978553298347954,44.00858727297358,44.08055678929984,44.20712011701258,44.361519769941346,44.517771045865004,44.65247294686264,44.755823591253275,44.82817974958833,44.87725499927042,44.91258522952624,44.94222495203941,44.97087547500487,45.0
42,7.0,3.053025332933367,-3.0375042280637103,0,0,0.0,0,0,0.0,1.0,5.0,0.0,1.5,45.02884560249515,45.05579893132068,45.079434318755055,45.0990649949249,45.128151581717844,45.16645501015883,45.233637034502976,45.34037312987175,45.46704738868246,45.59427041129641,45.70434626602244,45.78978054697939,45.85078294247424,45.89320714021098,45.92436253378058,45.95048574792038,45.97528548599561,46.0
43,7.0,3.119408775482799,-4.146973692570349,0,0,0.0,0,0,0.0,1.0,5.0,0.0,1.5,46.02415575703952,46.046593340380966,46.066269571309746,46.08268646013525,46.109799843720324,46.14719414963729,46.21505194938455,46.32425474073058,46.45431432229252,46.585049023146766,46.69808691970182,46.78566807534689,46.848029273698344,46.89125260498398,46.92291570295782,46.94947162222945,46.974745437375496,47.0
44,7.0,3.106350590013974,-5.821802455787129,0,0,0.0,0,0,0.0,1.0,5.0,0.0,1.5,47.02472690553322,47.04771203397513,47.067866854713316,47.08467158494825,47.0955045104883,47.10108928490816,47.098293681890304,47.08573993653275,47.06799639955702,47.04932158183709,47.033427445676914,47.021838925664596,47.01448933498108,47.01019259567458,47.00751329070593,47.00527165865274,47.00281808734414,47.0
45,6.666510032374724,3.1870532917117766,-6.0,0,0,0.0,0,0,0.0,1.0,5.0,0.0,1.5,46.99699384034805,46.99409217762402,46.991543762537134,46.989473135426366,47.004719229867916,47.036052127910196,47.10705814097421,47.23010301626269,47.3796741013339,47.5309171253986,47.6613952169855,47.76168501209552,47.83210436010215,47.88004087074207,47.9146477517743,47.94367083364648,47.97164551561536,48.0
46,3.7882737155008925,3.306000000000014,-6.0,0,0,0.0,0,0,0.0,2.3106212284843366,5.0,0.0,1.5,48.028031169537975,48.05420373522016,48.077156724074825,48.09623444009644,48.13636932526352,48.19652092967845,48.3124702277608,48.50336253177015,48.732230840438014,48.96276666746488,49.161989668822535,49.31598095118971,49.42516178321465,49.500416699852344,49.55529239298952,49.601306679083685,49.6452633973518,49.68937877151566
47,4.706525149439848,3.306000000000012,-6.0,0,0,0.0,0,0,0.0,4.021738025106245,5.0,0.0,1.5,49.73270405156636,49.773036271964926,49.80840632039968,49.83787008096912,49.86160327001301,49.88056329282791,49.89600244571551,49.90905954549178,49.92053538926315,49.93085578596161,49.940160845184316,49.94844216218143,49.95566461591133,49.96183992044587,49.96704802103928,49.97142116847348,49.97511177804546,49.978261974893755
48,4.156318920290936,3.3060000000000107,-6.0,0,0,0.0,0,0,0.0,5.002938705096824,5.0,0.0,1.5,49.980984876114285,49.983359647051174,49.9854369065997,49.98724893484169,49.98881971459388,49.99017184058234,49.99132951860358,49.99231845069738,49.993164085047795,49.99388963170286,49.99451473764695,49.9950551177497,49.99552298514769,49.99592790773477,49.99627771347097,49.9965791917234,49.99683849771,49.997061294903176
49,4.020739683485395,3.306,-6.0,0,0,0.0,0,0,0.0,5.001649997503144,5.0,0.0,1.5,49.99725273627823,49.99741739230127,49.99755920278091,49.99768148641858,49.99778700537045,49.99787806169243,49.997956598429965,49.99802428507953,49.998082578378956,49.99813275939341,49.99817595378472,49.99821314362563,49.998245177413935,49.99827278187347,49.998296576239454,49.998317087883905,49.9983347675164,49.998350002496856
50,3.1426172785884816,3.306,-6.0,0,0,0.0,0,0,0.0,5.001561717079291,5.0,0.0,1.5,49.998363127539214,49.9983744328332,49.99838417010668,49.99839255732263,49.99839978261901,49.99840600788289,49.998411372121076,49.99841599462597,49.998419977860294,49.99842340998478,49.99842636699576,49.998428914490354,49.99843110911461,49.99843299976475,49.99843462860699,49.998436031964594,49.99843724110204,49.99843828292071
51,3.650427557022155,3.306,-6.0,0,0,0.0,0,0,0.0,5.001555676282209,5.0,0.0,1.5,49.99843918057171,49.99843995398915,49.99844062034792,49.99844119445303,49.998441689069594,49.99844211520315,49.9984424823396,49.998442798652,49.998443071180226,49.99844330598704,49.99844350829379,49.99844368259792,49.998443832774115,49.9984439621611,49.998444073636136,49.99844416967878,49.998444252425664,49.99844432371779
52,2.42963010101856,3.306,-6.0,0,0,0.0,0,0,0.0,3.001555262922089,5.0,0.0,1.5,49.998444385141156,49.99844443806208,49.99844448365754,49.9984445229415,49.998444556787504,49.99844458594826,49.99844461107226,49.99844463271828,49.998444651367834,49.998444667435734,49.99844468127936,49.99844469320666,49.9984447034829,49.99844471233663,49.998444719964766,49.998444726536945,49.998444732199346,49.99844473707791
53,2.1812499515811936,3.306,-6.0,0,0,0.0,0,0,0.0,3.001555234636008,5.0,0.0,1.5,49.99844474128113,49.9984447449025,49.99844474802258,49.99844475071075,49.99844475302681,49.99844475502226,49.998444756741485,49.9984447582227,49.99844475949888,49.99844476059842,49.99844476154573,49.998444762361906,49.9984447630651,49.99844476367095,49.998444764192946,49.99844476464268,49.99844476503014,49.99844476536399
54,1.8088420468545934,3.306,-6.0,0,0,0.0,0,0,0.0,1.0015552327003974,5.0,0.0,1.5,49.99844476565163,49.998444765899464,49.99844476611299,49.99844476629694,49.99844476645542,49.99844476659197,49.99844476670962,49.99844476681097,49.99844476689829,49.998444766973535,49.99844476703835,49.9984447670942,49.99844476714231,49.99844476718376,49.998444767219475,49.99844476725025,49.99844476727675,49.9984447672996
55,1.7669653848486178,3.306,-6.0,0,0,0.0,0,0,0.0,1.0015552325679522,5.0,0.0,1.5,49.998444767319285,49.99844476733625,49.998444767350875,49.998444767363466,49.99844476737431,49.998444767383646,49.998444767391696,49.99844476739862,49.99844476740459,49.99844476740975,49.998444767414185,49.99844476741801,49.9984447674213,49.998444767424125,49.99844476742657,49.99844476742868,49.99844476743048,49.99844476743205
56,3.10761934281701,3.2269745173401514,-6.0,0,0,0.0,0,0,0.0,1.0,5.0,0.0,1.5,49.998444767433405,49.99844476743458,49.998444767435586,49.99844476743646,49.9819521492061,49.95008267353418,49.87962086711905,49.75835171380922,49.61118753037985,49.46243483338003,49.33406146270637,49.235305715368,49.16586780773312,49.118518434246624,49.08429095776509,49.055590590465485,49.027963683087826,49.0
57,1.8500666312372331,3.241528656276627,-6.0,0,0,0.0,0,0,0.0,1.0,5.0,0.0,1.5,48.97237912519315,48.94659880221041,48.92398875387744,48.90518966547377,48.893132131243746,48.88698400181826,48.890199144438505,48.904281628309086,48.92412230205473,48.94497176656663,48.96269959422153,48.97561670453756,48.983806863235266,48.98859777996915,48.99159104987088,48.994100426522294,48.996847502421936,49.0
58,2.712465260659158,3.239793127008343,-6.0,0,0,0.0,0,0,0.0,1.0,5.0,0.0,1.5,49.003359818846576,49.006600486900965,49.00944517060857,49.01175585175442,49.01317525333204,49.013829263420824,49.01334411814303,49.011572504843585,49.00914121508472,49.00661944090632,49.004492643079,49.00295141755082,49.00197617111148,49.00140277472423,49.001038540888544,49.000728041269575,49.00038773574522,49.0
59,7.0,3.042241766645284,-6.0,0,0,0.0,0,0,0.0,1.0,4.4986140291484356,6.217248937900877e-15,1.5,48.99958991205099,48.99919677740719,48.998853171249934,48.998574740169104,48.9571311307655,48.87729893160229,48.70102661746284,48.39776413781012,48.029779024662716,47.657829705042936,47.33683208837577,47.08988196579626,46.91623144010758,46.79780894682327,46.71219871608417,46.64041355294092,46.57131829540312,46.50138597085156
60,7.0,3.0636631242785786,-6.0,0,0,0.0,0,0,0.0,1.0,3.6878148455485498,1.7763568394002505e-15,1.5,46.43231422285794,46.367846416420214,46.31130625177563,46.26429515270055,46.23101651648879,46.20960120218676,46.20428780877386,46.21652339265615,46.238252213664296,46.26220318104186,46.282209799885884,46.29579855204417,46.30312197453911,46.30613034724945,46.307129711921505,46.30796628774544,46.30960069114078,46.31218515445145
61,7.0,3.086289176750508,-6.0,0,0,0.0,0,0,0.0,1.0,2.381957252061887,8.881784197001252e-16,1.5,46.3153530740881,46.31857184261861,46.321401136243296,46.323617200209654,46.329934155621615,46.34016732562095,46.36114821112856,46.39653531649561,46.439296429301585,46.48250904396145,46.519874972642064,46.54872076588439,46.56910513258677,46.58308380686406,46.5932252100049,46.60171614996748,46.609848758473795,46.61804274793811
62,7.0,2.7956650536938,-1.957686782439481,0,0,0.0,0,0,0.0,1.0,0.0,7.105427357601002e-15,1.5,46.62611511310819,46.63364347179669,46.64024948772099,46.6457498712186,46.58952157251923,46.47584748555977,46.21958671081015,45.77603256039313,45.23695385872109,44.69182037512267,44.22144688236483,43.859805764358605,43.605787113065226,43.432805980356456,43.30790127093702,43.20316704746852,43.10225315094185,42.99999999999999
63,7.0,2.8489123550681397,-3.6355737818513774,0,0,0.0,0,0,0.0,1.0,0.0,0.0,1.5,42.89892807472338,42.80456030226931,42.72179629624348,42.65299819985276,42.60889015681157,42.586419920467534,42.59821253802331,42.64976134061571,42.722368986003595,42.79865862176061,42.86352086135161,42.9107792583492,42.94074309413108,42.95827159200377,42.96922480117779,42.97840882053195,42.98846291125767,43.0
64,7.0,2.842561798070379,-3.1819662315767303,0,0,0.0,0,0,0.0,1.0,0.0,-7.105427357601002e-15,1.5,43.01229489480202,43.024153064035644,43.034561820210286,43.04301645185759,43.048209860704596,43.050602792472574,43.04882758241033,43.04234512081861,43.033448845153515,43.02422144772362,43.01643926953122,43.010799728543645,43.00723114840725,43.00513298023245,43.00380017102046,43.002663995659226,43.001418770007426,43.00000000000001
65,7.0,2.685034467994331,1.1738172185391136,0,0,0.0,0,0,0.0,1.0,0.0,0.0,1.5,42.99849944377351,42.99706092084304,42.995803625736,42.994784811111046,42.96112345820571,42.89699744879309,42.75606940483672,42.5139374740569,42.22022693912062,41.92337489275826,41.667170507065414,41.47003462045704,41.33137519562668,41.236783609459316,41.16838388755303,41.11103161215352,41.055842648136604,41.0
66,7.0,2.476649094848947,5.650439043228609,0,0,0.0,0,0,0.0,1.0,0.0,-7.105427357601002e-15,1.5,40.94485390431234,40.89338714341924,40.84824889169924,40.81071558163006,40.73708374434004,40.62904588666958,40.42374548664423,40.08748520810538,39.68491774791463,39.27959313628736,38.92926986945118,38.658332831057905,38.46604803885863,38.33334456589136,38.23647845336884,38.15525310941334,38.077727719440944,38.00000000000001
67,7.0,2.4377657773119763,5.51987130382588,0,0,0.0,0,0,0.0,1.0,0.0,-7.105427357601002e-15,1.5,37.92371639909949,37.85272528967231,37.79046927093911,37.73859776661337,37.688684564086856,37.6395981577493,37.577718398055595,37.495036366656734,37.4024033275364,37.31102973101363,37.23147633010962,37.1683012220754,37.12141672139884,37.087243889700076,37.06122966810843,37.03940450777508,37.01930917481612,37.00000000000001
68,7.0,2.4475479452022517,5.667552284678912,0,0,0.0,0,0,0.0,1.0,0.0,-1.4210854715202004e-14,1.5,36.98161247096335,36.96474420096661,36.94996023006628,36.937518782036335,36.929366416695224,36.92501677459041,36.92689658321807,36.93610576834678,36.949259399736825,36.96317359610089,36.97505286225795,36.983732038307785,36.98924076773775,36.992455239276694,36.99444708783233,36.99610265269869,36.99791384937854,37.000000000000014
69,7.0,2.208945230902,6.0,0,0,0.0,0,0,5.483452458425589,1.0,0.0,-1.4210854715202004e-14,1.5,37.0022320181555,37.00439154511294,37.00629132898386,37.007836365912,36.95923137278047,36.863911794484366,36.651873626585974,36.286317202688394,35.84251453801371,35.39387883052383,35.0067401828237,34.7089837235662,34.49969546935421,34.35704408466743,34.25395912431274,34.16751702397599,34.08428031838846,34.000000000000014
70,7.0,2.2528159550601536,6.0,0,0,0.0,0,0,4.61646862290484,1.0,0.0,-1.4210854715202004e-14,1.5,33.91673477134135,33.83901111321609,33.7708461509936,33.71417537011745,33.67783259462996,33.65930706513068,33.66900674487877,33.71146293472629,33.771273830314435,33.834123178984015,33.88756122790242,33.92649743974824,33.95118504756815,33.96562659965254,33.974649898493,33.98221488476184,33.99049645704858,34.000000000000014
71,7.0,2.2475842601900142,6.0,0,0,0.0,0,0,5.02310614305393,1.0,0.0,-7.105427357601002e-15,1.5,34.01012827301464,34.01989716876567,34.02847226640879,34.035437602932475,34.03971624012211,34.04168768837198,34.04022524404068,34.03488481692011,34.02755582544619,34.01995406260678,34.013542925918344,34.00889696114017,34.00595711069065,34.00422861968909,34.003130643227,34.0021946503408,34.00116881232182,34.00000000000001
72,7.0,2.485664187859289,6.0,0,0,0.0,0,0,4.324134207125994,1.0,0.0,-7.105427357601002e-15,1.5,33.99876380852287,33.99757872165325,33.99654293546662,33.995703616010516,34.04474387103225,34.14026415039845,34.35215602354595,34.71717618345236,35.16024309981498,35.608116314900066,35.994612578886866,36.291904188465736,36.500898868237215,36.64337805197646,36.74635376911539,36.8327025668915,36.91583671733478,37.00000000000001
73,7.0,2.441856930284186,6.0,0,0,0.0,0,0,6.310421126125576,1.0,0.0,-1.4210854715202004e-14,1.5,37.08314138523645,37.16074633321257,37.22880758736834,37.2853943856024,37.32168571094996,37.340187585887215,37.33050570077156,37.28811420308167,37.22839206222172,37.165634788504136,37.11227442204433,37.07339453763652,37.04874260402346,37.034322051843915,37.02531210448803,37.01775849295451,37.00948937043448,37.000000000000014
74,7.0,2.8428238203912626,6.0,0,0,0.0,0,0,0.4782370654581598,1.0,0.0,-1.4210854715202004e-14,1.5,36.98988671113782,36.980132179420735,36.971569637970234,36.96461447870304,37.04293362496473,37.20056064173442,37.55487874912818,38.167501589529934,38.91178690312491,39.66429952253897,40.31356790679489,40.812754919559836,41.16342078708617,41.40226237161383,41.574762686931074,41.71942266585987,41.858796699563726,42.000000000000014
75,7.0,2.7693065092466083,6.0,0,0,0.0,0,0,3.4306029831442757,1.0,0.0,-1.4210854715202004e-14,1.5,42.139553869623086,42.269839615651186,42.38410021564957,42.47908015663928,42.539975647937986,42.571000902320684,42.55472322035717,42.483556057952846,42.383312793907635,42.27798443340438,42.188432098497906,42.12318388632829,42.08181335329572,42.057611963480866,42.04248915349038,42.02980931323824,42.015928392597424,42.000000000000014
76,7.0,2.9363715435142677,6.0,0,0,0.0,0,0,0.7400494769996584,1.0,0.0,-7.105427357601002e-15,1.5,41.983025268992236,41.966653391808336,41.9522825491663,41.940609611033494,41.96647587793832,42.02701025409927,42.17060428366851,42.42247036982795,42.729539830203244,43.04024843381952,43.30813955510551,43.51374492779073,43.65776401312987,43.75550709265652,43.82590880724107,43.88496760388406,43.942026698754276,44.00000000000001
77,7.0,3.3018979550442134,0.2231590096072864,0,0,0.0,0,0,0.0,1.0,0.0,-7.105427357601002e-15,1.5,44.05739953620284,44.111026589422266,44.158053005185906,44.19711637089129,44.304723083501536,44.47703139721094,44.823151954650115,45.401150701425514,46.09688863381205,46.79850491469469,47.40455973804079,47.87228980536742,48.20301689154755,48.43018416254124,48.59536878124749,48.73387722378596,48.866515853475434,49.00000000000001
78,7.0,3.2326191336404455,-0.1092543466723086,0,0,0.0,0,0,0.0,1.0,0.0,-7.105427357601002e-15,1.5,49.13133852270887,49.25370898300687,49.36102684037946,49.45036971841738,49.50780353173625,49.53723381103267,49.52214077921794,49.455298548944576,49.36099081002155,49.26181929283489,49.1774599123819,49.11597529520937,49.07698662000912,49.05418589429666,49.039952901013464,49.0280314932872,49.0149816255584,49.00000000000001
79,7.0,3.240873274594322,-0.8068801454188588,0,0,0.0,0,0,0.0,1.0,0.0,7.105427357601002e-15,1.5,48.98402657960441,48.9686146281755,48.95508280636036,48.944089777973446,48.93733637750094,48.934224605973604,48.936532016758754,48.944958719500924,48.956523102764045,48.96851764047261,48.97863327044459,48.98596351920369,48.99060170078568,48.99332857568734,48.99506069558375,48.99653734515318,48.99815584943619,48.99999999999999
80,7.0,3.306,-1.9914531004882663,0,0,0.0,0,0,0.0,1.0,2.1645163149358666,0.0,1.5,49.00195048358812,49.003820327742524,49.00545458546716,49.00677883837139,49.021391626418406,49.04843354875564,49.10711534997115,49.20757228784912,49.32931810195815,49.45234057140674,49.55853671737196,49.64028594766485,49.69782811370507,49.73711834202639,49.76554899421704,49.78938582638456,49.812307444561846,49.83548368506413
81,7.0,3.306,-3.7398676903342807,0,0,0.0,0,0,0.0,1.012176677126675,5.000000000000135,0.0,1.5,49.8583602431528,49.87970640768364,49.89842822124304,49.91399858055938,49.926506119246454,49.93646795720049,49.944562236455674,49.95140454341006,49.95742548440514,49.96285103944088,49.967751850392276,49.972118446572864,49.975927803657676,49.979183356176556,49.98192643740649,49.98422734536093,49.98616761993489,49.98782332287319
82,7.0,3.306,-4.655237038110824,0,0,0.0,0,0,0.0,6.002283324062503,5.000000000000149,-7.105427357601002e-15,1.5,49.98925479323886,49.99050396131456,49.991597322109726,49.99255152108633,49.993378832396324,49.99409091239531,49.994700410855984,49.99522088187466,49.995665806882656,49.99604749664323,49.996376359407606,49.996660695060385,49.99690692757432,49.997120070268934,49.997304217069626,49.997462921695,49.99759941441943,49.997716675937355
83,7.0,3.306,-5.079861621270684,0,0,0.0,0,0,0.0,6.001605107360305,5.0,0.0,1.5,49.997817423786486,49.997904070398405,49.997978694847596,49.99804304661413,49.998098579703914,49.99814650434294,49.998187841280945,49.99822346760388,49.998254149125856,49.99828055991257,49.99830329271726,49.99832286490183,49.99833972347018,49.99835425115623,49.99836677392861,49.99837756927053,49.99838687425929,49.998394892639695
84,6.468731621250853,3.306,-6.0,0,0,0.0,0,0,0.0,7.001558645360852,5.0,0.0,1.5,49.99840180049465,49.99840775052681,49.998412875235985,49.99841728937004,49.99842109197975,49.99842436828868,49.99842719146429,49.99842962428704,49.99843172067426,49.99843352701561,49.99843508330136,49.99843642405254,49.99843757908241,49.99843857412725,49.99843943138165,49.998440169964404,49.99844080633085,49.99844135463915
85,6.32978829384578,3.306,-6.0,0,0,0.0,0,0,0.0,4.001555466089897,5.0,0.0,1.5,49.99844182707314,49.99844223412346,49.998442584828695,49.99844288698046,49.99844314729701,49.99844337157069,49.99844356479409,49.99844373126885,49.99844387470013,49.99844399827878,49.99844410475276,49.998444196489004,49.99844427552672,49.99844434362306,49.99844440229233,49.99844445283951,49.99844449638912,49.9984445339101
86,5.717265017069103,3.306,-6.0,0,0,0.0,0,0,0.0,4.001555248538722,5.0,0.0,1.5,49.99844456623718,49.998444594089435,49.998444618086296,49.99844463876142,49.99844465657455,49.99844467192182,49.99844468514454,49.998444696536815,49.99844470635206,49.9984447148086,49.9984447220945,49.998444728371844,49.99844473378023,49.99844473843995,49.99844474245464,49.998444745913574,49.99844474889369,49.99844475146128
87,4.907585367061557,3.306,-6.0,0,0,0.0,0,0,0.0,1.001555233651743,5.0,0.0,1.5,49.99844475367344,49.99844475557937,49.99844475722146,49.998444758636246,49.99844475985518,49.998444760905414,49.998444761810255,49.998444762589834,49.998444763261496,49.99844476384018,49.99844476433875,49.998444764768294,49.99844476513837,49.99844476545722,49.99844476573194,49.99844476596863,49.99844476617255,49.99844476634826
88,7.0,3.0398074086475755,-6.0,0,0,0.0,0,0,0.0,1.0,3.3647564561094865,3.1086244689504383e-15,1.5,49.99844476649964,49.99844476663006,49.99844476674242,49.99844476683923,49.94289037310739,49.83553995874606,49.59819359647197,49.1897057381249,48.693992026303356,48.192927501934086,47.76050951412199,47.42785671140713,47.193959290634155,47.034465770298915,46.91917257180181,46.82249710857318,46.729437530607726,46.63524354389051
89,7.0,3.0009278917767195,-6.0,0,0,0.0,0,0,0.0,1.0,3.475379828453626,0.0,1.5,46.542204286274014,46.45536481691535,46.379204227277754,46.31588062724016,46.25691992849301,46.20076020611474,46.13321179515728,46.04575364836755,45.94888719502544,45.8536518044054,45.770570379263035,45.70422960399569,45.654578173077084,45.61804685454011,45.59005645659956,45.566584191674245,45.54510666911825,45.524620171546374
90,7.0,2.8361584455567797,-6.0,0,0,0.0,0,0,0.0,1.0,1.6878360923961429,3.774758283725532e-15,1.5,45.50521334715034,45.48745251443801,45.47188429783698,45.45875645969168,45.41357935606816,45.33832380640119,45.18412950477774,44.9251060088508,44.61288471196137,44.29796076431464,44.02605350790578,43.816397264929535,43.66835492261157,43.56683106811186,43.49308899112276,43.4312371894379,43.371928076436994,43.31216390760385
91,7.0,2.4467369305946107,-1.3704452374893918,0,0,0.0,0,0,0.0,1.0,0.0,0.0,1.5,43.2533146909501,43.19846852610735,43.15037374003189,43.110349208416956,42.99688669986831,42.81416604139967,42.446061124608484,41.83081268653301,41.09008604847385,40.34307980227209,39.69786199789013,39.19997577826242,38.84799777681469,38.606291173481914,38.43056263216468,38.283206161463056,38.14206654269263,38.0
92,7.0,2.2038794290586647,1.6892026955176362,0,0,0.0,0,0,0.0,1.0,0.0,-7.105427357601002e-15,1.5,37.860200971753976,37.72994241089526,37.61570855608737,37.52061332039595,37.393413762810745,37.23442042473656,36.968206546037884,36.553524573140805,36.06433166771141,35.573949294106264,35.14944436674867,34.81924706050685,34.58256025815016,34.41713595465458,34.295162349887306,34.192871547821596,34.09608240189005,34.00000000000001
93,7.0,1.7785096679682488,6.0,0,0,0.0,0,0,2.7500657623511913,1.0,0.0,0.0,1.5,33.906346375068836,33.819468612630594,33.743290422615836,33.6796775576347,33.539450531338176,33.326617073108366,32.913612363353934,32.23231258816516,31.41512957968459,30.591984233850777,29.880799165247396,29.33128848336876,28.941886953841653,28.673639271277082,28.478102617145783,28.314113607082135,28.15737668349492,28.0
94,7.0,1.7809340527713373,6.0,0,0,0.0,0,0,1.2749451204795719,1.0,0.0,0.0,1.5,27.845400768799397,27.701470534854643,27.575255925263644,27.470133316080272,27.385979276562242,27.319335937895733,27.266439262112467,27.2235951375353,27.18717992912969,27.154929378886038,27.125671876528283,27.099156460947388,27.075519475183373,27.05494179672895,27.03741332891374,27.022694779404706,27.010378420096167,27.0
95,7.0,1.7066467144984143,6.0,0,0,0.0,0,0,0.620743355973822,1.0,0.0,0.0,1.5,26.991134890561323,26.983454719827137,26.97673825605034,26.970850874298065,26.950206684188707,26.915793257054773,26.845725932060343,26.72845322999367,26.587318954955315,26.445097808352912,26.322372987216532,26.227772444002856,26.160969933819068,26.11513559591586,26.08181402292281,26.05384418457295,26.027020531431848,26.0
96,7.0,1.562365933950964,6.0,0,0,0.0,0,0,2.8198116742685997,1.0,0.0,0.0,1.5,25.973405281268313,25.948629564772553,25.926909770618824,25.908836945527156,25.864189842502483,25.7944086944986,25.656328924684672,25.42694264337264,25.151239013461677,24.87333504269257,24.633255352913228,24.44787516821255,24.316671211925694,24.22643868158605,24.160757874478072,24.105680971636986,24.052982511481556,24.0
